id,school_yearcode,school_id,Distro,DistroDate
626-20240-1,626-20240,626,1,8/6/2024
630-20240-1,630-20240,630,1,8/7/2024
629-20240-1,629-20240,629,1,8/13/2024
632-20240-1,632-20240,632,1,8/13/2024
676-20240-1,676-20240,676,1,8/13/2024
628-20240-1,628-20240,628,1,8/14/2024
622-20240-1,622-20240,622,1,8/15/2024
631-20240-1,631-20240,631,1,8/15/2024
412-20240-1,412-20240,412,1,8/16/2024
466-20240-1,466-20240,466,1,8/16/2024
171-20240-1,171-20240,171,1,8/20/2024
173-20240-1,173-20240,173,1,8/20/2024
431-20240-1,431-20240,431,1,8/20/2024
485-20240-1,485-20240,485,1,8/20/2024
501-20240-1,501-20240,501,1,8/20/2024
526-20240-1,526-20240,526,1,8/20/2024
574-20240-1,574-20240,574,1,8/20/2024
580-20240-1,580-20240,580,1,8/20/2024
617-20240-1,617-20240,617,1,8/20/2024
680-20240-1,680-20240,680,1,8/20/2024
694-20240-1,694-20240,694,1,8/20/2024
696-20240-1,696-20240,696,1,8/20/2024
188-20240-1,188-20240,188,1,8/21/2024
442-20240-1,442-20240,442,1,8/21/2024
465-20240-1,465-20240,465,1,8/21/2024
486-20240-1,486-20240,486,1,8/21/2024
487-20240-1,487-20240,487,1,8/21/2024
576-20240-1,576-20240,576,1,8/21/2024
618-20240-1,618-20240,618,1,8/21/2024
703-20240-1,703-20240,703,1,8/21/2024
93-20240-1,93-20240,93,1,8/21/2024
123-20240-1,123-20240,123,1,8/22/2024
129-20240-1,129-20240,129,1,8/22/2024
441-20240-1,441-20240,441,1,8/22/2024
443-20240-1,443-20240,443,1,8/22/2024
528-20240-1,528-20240,528,1,8/22/2024
582-20240-1,582-20240,582,1,8/22/2024
627-20240-1,627-20240,627,1,8/22/2024
63-20240-1,63-20240,63,1,8/22/2024
675-20240-1,675-20240,675,1,8/22/2024
187-20240-1,187-20240,187,1,8/23/2024
453-20240-1,453-20240,453,1,8/23/2024
125-20240-1,125-20240,125,1,8/27/2024
379-20240-1,379-20240,379,1,8/27/2024
380-20240-1,380-20240,380,1,8/27/2024
468-20240-1,468-20240,468,1,8/27/2024
491-20240-1,491-20240,491,1,8/27/2024
52-20240-1,52-20240,52,1,8/27/2024
521-20240-1,521-20240,521,1,8/27/2024
525-20240-1,525-20240,525,1,8/27/2024
543-20240-1,543-20240,543,1,8/27/2024
578-20240-1,578-20240,578,1,8/27/2024
589-20240-1,589-20240,589,1,8/27/2024
613-20240-1,613-20240,613,1,8/27/2024
623-20240-1,623-20240,623,1,8/27/2024
66-20240-1,66-20240,66,1,8/27/2024
698-20240-1,698-20240,698,1,8/27/2024
7-20240-1,7-20240,7,1,8/27/2024
122-20240-1,122-20240,122,1,8/28/2024
178-20240-1,178-20240,178,1,8/28/2024
382-20240-1,382-20240,382,1,8/28/2024
424-20240-1,424-20240,424,1,8/28/2024
479-20240-1,479-20240,479,1,8/28/2024
497-20240-1,497-20240,497,1,8/28/2024
50-20240-1,50-20240,50,1,8/28/2024
503-20240-1,503-20240,503,1,8/28/2024
524-20240-1,524-20240,524,1,8/28/2024
538-20240-1,538-20240,538,1,8/28/2024
539-20240-1,539-20240,539,1,8/28/2024
581-20240-1,581-20240,581,1,8/28/2024
583-20240-1,583-20240,583,1,8/28/2024
587-20240-1,587-20240,587,1,8/28/2024
681-20240-1,681-20240,681,1,8/28/2024
705-20240-1,705-20240,705,1,8/28/2024
227-20240-1,227-20240,227,1,8/29/2024
288-20240-1,288-20240,288,1,8/29/2024
291-20240-1,291-20240,291,1,8/29/2024
293-20240-1,293-20240,293,1,8/29/2024
430-20240-1,430-20240,430,1,8/29/2024
490-20240-1,490-20240,490,1,8/29/2024
492-20240-1,492-20240,492,1,8/29/2024
493-20240-1,493-20240,493,1,8/29/2024
499-20240-1,499-20240,499,1,8/29/2024
502-20240-1,502-20240,502,1,8/29/2024
51-20240-1,51-20240,51,1,8/29/2024
573-20240-1,573-20240,573,1,8/29/2024
590-20240-1,590-20240,590,1,8/29/2024
610-20240-1,610-20240,610,1,8/29/2024
668-20240-1,668-20240,668,1,8/29/2024
697-20240-1,697-20240,697,1,8/29/2024
89-20240-1,89-20240,89,1,8/29/2024
480-20240-1,480-20240,480,1,8/30/2024
500-20240-1,500-20240,500,1,8/30/2024
94-20240-1,94-20240,94,1,8/30/2024
298-20240-1,298-20240,298,1,9/3/2024
459-20240-1,459-20240,459,1,9/3/2024
595-20240-1,595-20240,595,1,9/3/2024
598-20240-1,598-20240,598,1,9/3/2024
614-20240-1,614-20240,614,1,9/3/2024
699-20240-1,699-20240,699,1,9/3/2024
700-20240-1,700-20240,700,1,9/3/2024
702-20240-1,702-20240,702,1,9/3/2024
41-20240-1,41-20240,41,1,9/4/2024
422-20240-1,422-20240,422,1,9/4/2024
456-20240-1,456-20240,456,1,9/4/2024
571-20240-1,571-20240,571,1,9/4/2024
577-20240-1,577-20240,577,1,9/4/2024
596-20240-1,596-20240,596,1,9/4/2024
597-20240-1,597-20240,597,1,9/4/2024
607-20240-1,607-20240,607,1,9/4/2024
669-20240-1,669-20240,669,1,9/4/2024
67-20240-1,67-20240,67,1,9/4/2024
670-20240-1,670-20240,670,1,9/4/2024
704-20240-1,704-20240,704,1,9/4/2024
143-20240-1,143-20240,143,1,9/5/2024
299-20240-1,299-20240,299,1,9/5/2024
462-20240-1,462-20240,462,1,9/5/2024
527-20240-1,527-20240,527,1,9/5/2024
637-20240-1,637-20240,637,1,9/5/2024
656-20240-1,656-20240,656,1,9/5/2024
665-20240-1,665-20240,665,1,9/5/2024
666-20240-1,666-20240,666,1,9/5/2024
683-20240-1,683-20240,683,1,9/5/2024
687-20240-1,687-20240,687,1,9/5/2024
695-20240-1,695-20240,695,1,9/5/2024
8-20240-1,8-20240,8,1,9/5/2024
189-20240-1,189-20240,189,1,9/6/2024
193-20240-1,193-20240,193,1,9/6/2024
388-20240-1,388-20240,388,1,9/6/2024
461-20240-1,461-20240,461,1,9/6/2024
594-20240-1,594-20240,594,1,9/6/2024
119-20240-1,119-20240,119,1,9/10/2024
14-20240-1,14-20240,14,1,9/10/2024
297-20240-1,297-20240,297,1,9/10/2024
463-20240-1,463-20240,463,1,9/10/2024
470-20240-1,470-20240,470,1,9/10/2024
599-20240-1,599-20240,599,1,9/10/2024
664-20240-1,664-20240,664,1,9/10/2024
677-20240-1,677-20240,677,1,9/10/2024
682-20240-1,682-20240,682,1,9/10/2024
454-20240-1,454-20240,454,1,9/11/2024
458-20240-1,458-20240,458,1,9/11/2024
471-20240-1,471-20240,471,1,9/11/2024
478-20240-1,478-20240,478,1,9/11/2024
616-20240-1,616-20240,616,1,9/11/2024
624-20240-1,624-20240,624,1,9/11/2024
674-20240-1,674-20240,674,1,9/11/2024
679-20240-1,679-20240,679,1,9/11/2024
686-20240-1,686-20240,686,1,9/11/2024
688-20240-1,688-20240,688,1,9/11/2024
460-20240-1,460-20240,460,1,9/12/2024
469-20240-1,469-20240,469,1,9/12/2024
477-20240-1,477-20240,477,1,9/12/2024
522-20240-1,522-20240,522,1,9/12/2024
523-20240-1,523-20240,523,1,9/12/2024
533-20240-1,533-20240,533,1,9/12/2024
600-20240-1,600-20240,600,1,9/12/2024
667-20240-1,667-20240,667,1,9/12/2024
684-20240-1,684-20240,684,1,9/12/2024
42-20240-1,42-20240,42,1,9/13/2024
455-20240-1,455-20240,455,1,9/13/2024
464-20240-1,464-20240,464,1,9/13/2024
54-20240-1,54-20240,54,1,9/17/2024
655-20240-1,655-20240,655,1,9/17/2024
691-20240-1,691-20240,691,1,9/17/2024
706-20240-1,706-20240,706,1,9/17/2024
385-20240-1,385-20240,385,1,9/18/2024
474-20240-1,474-20240,474,1,9/18/2024
651-20240-1,651-20240,651,1,9/18/2024
701-20240-1,701-20240,701,1,9/18/2024
248-20240-1,248-20240,248,1,9/19/2024
584-20240-1,584-20240,584,1,9/19/2024
585-20240-1,585-20240,585,1,9/19/2024
586-20240-1,586-20240,586,1,9/19/2024
690-20240-1,690-20240,690,1,9/19/2024
377-20240-1,377-20240,377,1,9/24/2024
625-20240-1,625-20240,625,1,9/25/2024
652-20240-1,652-20240,652,1,9/25/2024
506-20240-1,506-20240,506,1,10/1/2024
513-20240-1,513-20240,513,1,10/1/2024
517-20240-1,517-20240,517,1,10/1/2024
507-20240-1,507-20240,507,1,10/2/2024
508-20240-1,508-20240,508,1,10/2/2024
516-20240-1,516-20240,516,1,10/2/2024
678-20240-1,678-20240,678,1,10/2/2024
707-20240-1,707-20240,707,1,10/3/2024
177-20240-1,177-20240,177,1,10/4/2024
448-20240-1,448-20240,448,1,10/9/2024
647-20240-1,647-20240,647,1,10/9/2024
648-20240-1,648-20240,648,1,10/9/2024
512-20240-1,512-20240,512,1,10/10/2024
515-20240-1,515-20240,515,1,10/10/2024
692-20240-1,692-20240,692,1,10/10/2024
570-20240-1,570-20240,570,1,10/11/2024
693-20240-1,693-20240,693,1,10/11/2024
708-20240-1,708-20240,708,1,10/15/2024
511-20240-1,511-20240,511,1,10/18/2024
604-20240-1,604-20240,604,1,10/18/2024
620-20240-1,620-20240,620,1,10/18/2024
710-20240-1,710-20240,710,1,10/24/2024
709-20240-1,709-20240,709,1,11/1/2024
81-20240-1,81-20240,81,1,11/8/2024
711-20240-1,711-20240,711,1,11/13/2024
626-20240-2,626-20240,626,2,8/20/2024
630-20240-2,630-20240,630,2,8/21/2024
629-20240-2,629-20240,629,2,8/27/2024
632-20240-2,632-20240,632,2,8/27/2024
676-20240-2,676-20240,676,2,8/27/2024
628-20240-2,628-20240,628,2,8/28/2024
622-20240-2,622-20240,622,2,8/29/2024
631-20240-2,631-20240,631,2,8/29/2024
412-20240-2,412-20240,412,2,8/30/2024
466-20240-2,466-20240,466,2,8/30/2024
526-20240-2,526-20240,526,2,9/3/2024
580-20240-2,580-20240,580,2,9/3/2024
617-20240-2,617-20240,617,2,9/3/2024
694-20240-2,694-20240,694,2,9/3/2024
696-20240-2,696-20240,696,2,9/3/2024
188-20240-2,188-20240,188,2,9/4/2024
442-20240-2,442-20240,442,2,9/4/2024
465-20240-2,465-20240,465,2,9/4/2024
486-20240-2,486-20240,486,2,9/4/2024
487-20240-2,487-20240,487,2,9/4/2024
576-20240-2,576-20240,576,2,9/4/2024
618-20240-2,618-20240,618,2,9/4/2024
703-20240-2,703-20240,703,2,9/4/2024
93-20240-2,93-20240,93,2,9/4/2024
123-20240-2,123-20240,123,2,9/5/2024
129-20240-2,129-20240,129,2,9/5/2024
441-20240-2,441-20240,441,2,9/5/2024
443-20240-2,443-20240,443,2,9/5/2024
485-20240-2,485-20240,485,2,9/5/2024
528-20240-2,528-20240,528,2,9/5/2024
582-20240-2,582-20240,582,2,9/5/2024
627-20240-2,627-20240,627,2,9/5/2024
63-20240-2,63-20240,63,2,9/5/2024
675-20240-2,675-20240,675,2,9/5/2024
187-20240-2,187-20240,187,2,9/6/2024
453-20240-2,453-20240,453,2,9/6/2024
379-20240-2,379-20240,379,2,9/10/2024
380-20240-2,380-20240,380,2,9/10/2024
468-20240-2,468-20240,468,2,9/10/2024
491-20240-2,491-20240,491,2,9/10/2024
52-20240-2,52-20240,52,2,9/10/2024
521-20240-2,521-20240,521,2,9/10/2024
525-20240-2,525-20240,525,2,9/10/2024
543-20240-2,543-20240,543,2,9/10/2024
578-20240-2,578-20240,578,2,9/10/2024
613-20240-2,613-20240,613,2,9/10/2024
623-20240-2,623-20240,623,2,9/10/2024
698-20240-2,698-20240,698,2,9/10/2024
7-20240-2,7-20240,7,2,9/10/2024
122-20240-2,122-20240,122,2,9/11/2024
178-20240-2,178-20240,178,2,9/11/2024
382-20240-2,382-20240,382,2,9/11/2024
424-20240-2,424-20240,424,2,9/11/2024
479-20240-2,479-20240,479,2,9/11/2024
497-20240-2,497-20240,497,2,9/11/2024
50-20240-2,50-20240,50,2,9/11/2024
503-20240-2,503-20240,503,2,9/11/2024
524-20240-2,524-20240,524,2,9/11/2024
538-20240-2,538-20240,538,2,9/11/2024
539-20240-2,539-20240,539,2,9/11/2024
581-20240-2,581-20240,581,2,9/11/2024
583-20240-2,583-20240,583,2,9/11/2024
587-20240-2,587-20240,587,2,9/11/2024
681-20240-2,681-20240,681,2,9/11/2024
705-20240-2,705-20240,705,2,9/11/2024
227-20240-2,227-20240,227,2,9/12/2024
288-20240-2,288-20240,288,2,9/12/2024
291-20240-2,291-20240,291,2,9/12/2024
293-20240-2,293-20240,293,2,9/12/2024
430-20240-2,430-20240,430,2,9/12/2024
490-20240-2,490-20240,490,2,9/12/2024
492-20240-2,492-20240,492,2,9/12/2024
493-20240-2,493-20240,493,2,9/12/2024
499-20240-2,499-20240,499,2,9/12/2024
502-20240-2,502-20240,502,2,9/12/2024
51-20240-2,51-20240,51,2,9/12/2024
573-20240-2,573-20240,573,2,9/12/2024
590-20240-2,590-20240,590,2,9/12/2024
610-20240-2,610-20240,610,2,9/12/2024
668-20240-2,668-20240,668,2,9/12/2024
697-20240-2,697-20240,697,2,9/12/2024
480-20240-2,480-20240,480,2,9/13/2024
500-20240-2,500-20240,500,2,9/13/2024
89-20240-2,89-20240,89,2,9/13/2024
94-20240-2,94-20240,94,2,9/13/2024
171-20240-2,171-20240,171,2,9/17/2024
173-20240-2,173-20240,173,2,9/17/2024
193-20240-2,193-20240,193,2,9/17/2024
298-20240-2,298-20240,298,2,9/17/2024
431-20240-2,431-20240,431,2,9/17/2024
459-20240-2,459-20240,459,2,9/17/2024
501-20240-2,501-20240,501,2,9/17/2024
595-20240-2,595-20240,595,2,9/17/2024
598-20240-2,598-20240,598,2,9/17/2024
614-20240-2,614-20240,614,2,9/17/2024
665-20240-2,665-20240,665,2,9/17/2024
666-20240-2,666-20240,666,2,9/17/2024
680-20240-2,680-20240,680,2,9/17/2024
699-20240-2,699-20240,699,2,9/17/2024
700-20240-2,700-20240,700,2,9/17/2024
702-20240-2,702-20240,702,2,9/17/2024
41-20240-2,41-20240,41,2,9/18/2024
456-20240-2,456-20240,456,2,9/18/2024
571-20240-2,571-20240,571,2,9/18/2024
577-20240-2,577-20240,577,2,9/18/2024
596-20240-2,596-20240,596,2,9/18/2024
597-20240-2,597-20240,597,2,9/18/2024
607-20240-2,607-20240,607,2,9/18/2024
669-20240-2,669-20240,669,2,9/18/2024
67-20240-2,67-20240,67,2,9/18/2024
670-20240-2,670-20240,670,2,9/18/2024
704-20240-2,704-20240,704,2,9/18/2024
143-20240-2,143-20240,143,2,9/19/2024
299-20240-2,299-20240,299,2,9/19/2024
462-20240-2,462-20240,462,2,9/19/2024
527-20240-2,527-20240,527,2,9/19/2024
637-20240-2,637-20240,637,2,9/19/2024
656-20240-2,656-20240,656,2,9/19/2024
683-20240-2,683-20240,683,2,9/19/2024
687-20240-2,687-20240,687,2,9/19/2024
695-20240-2,695-20240,695,2,9/19/2024
8-20240-2,8-20240,8,2,9/19/2024
189-20240-2,189-20240,189,2,9/20/2024
388-20240-2,388-20240,388,2,9/20/2024
422-20240-2,422-20240,422,2,9/20/2024
461-20240-2,461-20240,461,2,9/20/2024
594-20240-2,594-20240,594,2,9/20/2024
119-20240-2,119-20240,119,2,9/24/2024
125-20240-2,125-20240,125,2,9/24/2024
14-20240-2,14-20240,14,2,9/24/2024
297-20240-2,297-20240,297,2,9/24/2024
463-20240-2,463-20240,463,2,9/24/2024
470-20240-2,470-20240,470,2,9/24/2024
589-20240-2,589-20240,589,2,9/24/2024
599-20240-2,599-20240,599,2,9/24/2024
66-20240-2,66-20240,66,2,9/24/2024
664-20240-2,664-20240,664,2,9/24/2024
677-20240-2,677-20240,677,2,9/24/2024
682-20240-2,682-20240,682,2,9/24/2024
454-20240-2,454-20240,454,2,9/25/2024
458-20240-2,458-20240,458,2,9/25/2024
471-20240-2,471-20240,471,2,9/25/2024
478-20240-2,478-20240,478,2,9/25/2024
616-20240-2,616-20240,616,2,9/25/2024
674-20240-2,674-20240,674,2,9/25/2024
679-20240-2,679-20240,679,2,9/25/2024
686-20240-2,686-20240,686,2,9/25/2024
688-20240-2,688-20240,688,2,9/25/2024
460-20240-2,460-20240,460,2,9/26/2024
469-20240-2,469-20240,469,2,9/26/2024
477-20240-2,477-20240,477,2,9/26/2024
522-20240-2,522-20240,522,2,9/26/2024
523-20240-2,523-20240,523,2,9/26/2024
533-20240-2,533-20240,533,2,9/26/2024
600-20240-2,600-20240,600,2,9/26/2024
667-20240-2,667-20240,667,2,9/26/2024
684-20240-2,684-20240,684,2,9/26/2024
42-20240-2,42-20240,42,2,9/27/2024
455-20240-2,455-20240,455,2,9/27/2024
54-20240-2,54-20240,54,2,10/1/2024
574-20240-2,574-20240,574,2,10/1/2024
655-20240-2,655-20240,655,2,10/1/2024
691-20240-2,691-20240,691,2,10/1/2024
706-20240-2,706-20240,706,2,10/1/2024
385-20240-2,385-20240,385,2,10/2/2024
474-20240-2,474-20240,474,2,10/2/2024
651-20240-2,651-20240,651,2,10/2/2024
701-20240-2,701-20240,701,2,10/2/2024
248-20240-2,248-20240,248,2,10/3/2024
584-20240-2,584-20240,584,2,10/3/2024
585-20240-2,585-20240,585,2,10/3/2024
586-20240-2,586-20240,586,2,10/3/2024
690-20240-2,690-20240,690,2,10/3/2024
377-20240-2,377-20240,377,2,10/8/2024
624-20240-2,624-20240,624,2,10/9/2024
652-20240-2,652-20240,652,2,10/9/2024
506-20240-2,506-20240,506,2,10/16/2024
513-20240-2,513-20240,513,2,10/16/2024
517-20240-2,517-20240,517,2,10/16/2024
678-20240-2,678-20240,678,2,10/16/2024
507-20240-2,507-20240,507,2,10/17/2024
508-20240-2,508-20240,508,2,10/17/2024
516-20240-2,516-20240,516,2,10/17/2024
177-20240-2,177-20240,177,2,10/18/2024
448-20240-2,448-20240,448,2,10/23/2024
625-20240-2,625-20240,625,2,10/23/2024
647-20240-2,647-20240,647,2,10/23/2024
648-20240-2,648-20240,648,2,10/23/2024
512-20240-2,512-20240,512,2,10/24/2024
515-20240-2,515-20240,515,2,10/24/2024
692-20240-2,692-20240,692,2,10/24/2024
464-20240-2,464-20240,464,2,10/25/2024
570-20240-2,570-20240,570,2,10/25/2024
693-20240-2,693-20240,693,2,10/25/2024
604-20240-2,604-20240,604,2,10/29/2024
620-20240-2,620-20240,620,2,10/29/2024
708-20240-2,708-20240,708,2,10/29/2024
707-20240-2,707-20240,707,2,10/31/2024
710-20240-2,710-20240,710,2,11/7/2024
511-20240-2,511-20240,511,2,11/15/2024
709-20240-2,709-20240,709,2,11/15/2024
81-20240-2,81-20240,81,2,11/22/2024
711-20240-2,711-20240,711,2,12/4/2024
626-20240-3,626-20240,626,3,9/3/2024
630-20240-3,630-20240,630,3,9/4/2024
629-20240-3,629-20240,629,3,9/10/2024
632-20240-3,632-20240,632,3,9/10/2024
676-20240-3,676-20240,676,3,9/10/2024
628-20240-3,628-20240,628,3,9/11/2024
622-20240-3,622-20240,622,3,9/12/2024
631-20240-3,631-20240,631,3,9/12/2024
412-20240-3,412-20240,412,3,9/13/2024
466-20240-3,466-20240,466,3,9/13/2024
526-20240-3,526-20240,526,3,9/17/2024
580-20240-3,580-20240,580,3,9/17/2024
617-20240-3,617-20240,617,3,9/17/2024
694-20240-3,694-20240,694,3,9/17/2024
696-20240-3,696-20240,696,3,9/17/2024
188-20240-3,188-20240,188,3,9/18/2024
442-20240-3,442-20240,442,3,9/18/2024
465-20240-3,465-20240,465,3,9/18/2024
486-20240-3,486-20240,486,3,9/18/2024
487-20240-3,487-20240,487,3,9/18/2024
576-20240-3,576-20240,576,3,9/18/2024
618-20240-3,618-20240,618,3,9/18/2024
703-20240-3,703-20240,703,3,9/18/2024
93-20240-3,93-20240,93,3,9/18/2024
123-20240-3,123-20240,123,3,9/19/2024
129-20240-3,129-20240,129,3,9/19/2024
187-20240-3,187-20240,187,3,9/19/2024
441-20240-3,441-20240,441,3,9/19/2024
443-20240-3,443-20240,443,3,9/19/2024
528-20240-3,528-20240,528,3,9/19/2024
582-20240-3,582-20240,582,3,9/19/2024
627-20240-3,627-20240,627,3,9/19/2024
63-20240-3,63-20240,63,3,9/19/2024
675-20240-3,675-20240,675,3,9/19/2024
453-20240-3,453-20240,453,3,9/20/2024
379-20240-3,379-20240,379,3,9/24/2024
380-20240-3,380-20240,380,3,9/24/2024
468-20240-3,468-20240,468,3,9/24/2024
491-20240-3,491-20240,491,3,9/24/2024
52-20240-3,52-20240,52,3,9/24/2024
521-20240-3,521-20240,521,3,9/24/2024
525-20240-3,525-20240,525,3,9/24/2024
543-20240-3,543-20240,543,3,9/24/2024
578-20240-3,578-20240,578,3,9/24/2024
613-20240-3,613-20240,613,3,9/24/2024
623-20240-3,623-20240,623,3,9/24/2024
698-20240-3,698-20240,698,3,9/24/2024
7-20240-3,7-20240,7,3,9/24/2024
122-20240-3,122-20240,122,3,9/25/2024
178-20240-3,178-20240,178,3,9/25/2024
382-20240-3,382-20240,382,3,9/25/2024
424-20240-3,424-20240,424,3,9/25/2024
479-20240-3,479-20240,479,3,9/25/2024
497-20240-3,497-20240,497,3,9/25/2024
50-20240-3,50-20240,50,3,9/25/2024
503-20240-3,503-20240,503,3,9/25/2024
524-20240-3,524-20240,524,3,9/25/2024
538-20240-3,538-20240,538,3,9/25/2024
539-20240-3,539-20240,539,3,9/25/2024
581-20240-3,581-20240,581,3,9/25/2024
583-20240-3,583-20240,583,3,9/25/2024
587-20240-3,587-20240,587,3,9/25/2024
681-20240-3,681-20240,681,3,9/25/2024
705-20240-3,705-20240,705,3,9/25/2024
291-20240-3,291-20240,291,3,9/26/2024
293-20240-3,293-20240,293,3,9/26/2024
430-20240-3,430-20240,430,3,9/26/2024
490-20240-3,490-20240,490,3,9/26/2024
492-20240-3,492-20240,492,3,9/26/2024
493-20240-3,493-20240,493,3,9/26/2024
668-20240-3,668-20240,668,3,9/26/2024
697-20240-3,697-20240,697,3,9/26/2024
480-20240-3,480-20240,480,3,9/27/2024
500-20240-3,500-20240,500,3,9/27/2024
695-20240-3,695-20240,695,3,9/27/2024
8-20240-3,8-20240,8,3,9/27/2024
171-20240-3,171-20240,171,3,10/1/2024
173-20240-3,173-20240,173,3,10/1/2024
193-20240-3,193-20240,193,3,10/1/2024
298-20240-3,298-20240,298,3,10/1/2024
431-20240-3,431-20240,431,3,10/1/2024
459-20240-3,459-20240,459,3,10/1/2024
485-20240-3,485-20240,485,3,10/1/2024
501-20240-3,501-20240,501,3,10/1/2024
595-20240-3,595-20240,595,3,10/1/2024
598-20240-3,598-20240,598,3,10/1/2024
614-20240-3,614-20240,614,3,10/1/2024
680-20240-3,680-20240,680,3,10/1/2024
699-20240-3,699-20240,699,3,10/1/2024
700-20240-3,700-20240,700,3,10/1/2024
702-20240-3,702-20240,702,3,10/1/2024
41-20240-3,41-20240,41,3,10/2/2024
422-20240-3,422-20240,422,3,10/2/2024
456-20240-3,456-20240,456,3,10/2/2024
571-20240-3,571-20240,571,3,10/2/2024
577-20240-3,577-20240,577,3,10/2/2024
596-20240-3,596-20240,596,3,10/2/2024
597-20240-3,597-20240,597,3,10/2/2024
607-20240-3,607-20240,607,3,10/2/2024
67-20240-3,67-20240,67,3,10/2/2024
704-20240-3,704-20240,704,3,10/2/2024
299-20240-3,299-20240,299,3,10/3/2024
462-20240-3,462-20240,462,3,10/3/2024
527-20240-3,527-20240,527,3,10/3/2024
637-20240-3,637-20240,637,3,10/3/2024
656-20240-3,656-20240,656,3,10/3/2024
683-20240-3,683-20240,683,3,10/3/2024
687-20240-3,687-20240,687,3,10/3/2024
143-20240-3,143-20240,143,3,10/4/2024
189-20240-3,189-20240,189,3,10/4/2024
461-20240-3,461-20240,461,3,10/4/2024
594-20240-3,594-20240,594,3,10/4/2024
94-20240-3,94-20240,94,3,10/4/2024
125-20240-3,125-20240,125,3,10/8/2024
14-20240-3,14-20240,14,3,10/8/2024
297-20240-3,297-20240,297,3,10/8/2024
463-20240-3,463-20240,463,3,10/8/2024
470-20240-3,470-20240,470,3,10/8/2024
574-20240-3,574-20240,574,3,10/8/2024
589-20240-3,589-20240,589,3,10/8/2024
599-20240-3,599-20240,599,3,10/8/2024
66-20240-3,66-20240,66,3,10/8/2024
664-20240-3,664-20240,664,3,10/8/2024
682-20240-3,682-20240,682,3,10/8/2024
454-20240-3,454-20240,454,3,10/9/2024
458-20240-3,458-20240,458,3,10/9/2024
471-20240-3,471-20240,471,3,10/9/2024
478-20240-3,478-20240,478,3,10/9/2024
686-20240-3,686-20240,686,3,10/9/2024
688-20240-3,688-20240,688,3,10/9/2024
227-20240-3,227-20240,227,3,10/10/2024
469-20240-3,469-20240,469,3,10/10/2024
477-20240-3,477-20240,477,3,10/10/2024
499-20240-3,499-20240,499,3,10/10/2024
502-20240-3,502-20240,502,3,10/10/2024
522-20240-3,522-20240,522,3,10/10/2024
523-20240-3,523-20240,523,3,10/10/2024
573-20240-3,573-20240,573,3,10/10/2024
590-20240-3,590-20240,590,3,10/10/2024
684-20240-3,684-20240,684,3,10/10/2024
89-20240-3,89-20240,89,3,10/10/2024
54-20240-3,54-20240,54,3,10/15/2024
655-20240-3,655-20240,655,3,10/15/2024
665-20240-3,665-20240,665,3,10/15/2024
666-20240-3,666-20240,666,3,10/15/2024
691-20240-3,691-20240,691,3,10/15/2024
706-20240-3,706-20240,706,3,10/15/2024
288-20240-3,288-20240,288,3,10/16/2024
385-20240-3,385-20240,385,3,10/16/2024
474-20240-3,474-20240,474,3,10/16/2024
651-20240-3,651-20240,651,3,10/16/2024
669-20240-3,669-20240,669,3,10/16/2024
670-20240-3,670-20240,670,3,10/16/2024
701-20240-3,701-20240,701,3,10/16/2024
248-20240-3,248-20240,248,3,10/17/2024
584-20240-3,584-20240,584,3,10/17/2024
585-20240-3,585-20240,585,3,10/17/2024
586-20240-3,586-20240,586,3,10/17/2024
610-20240-3,610-20240,610,3,10/17/2024
690-20240-3,690-20240,690,3,10/17/2024
388-20240-3,388-20240,388,3,10/18/2024
119-20240-3,119-20240,119,3,10/22/2024
377-20240-3,377-20240,377,3,10/22/2024
677-20240-3,677-20240,677,3,10/22/2024
616-20240-3,616-20240,616,3,10/23/2024
652-20240-3,652-20240,652,3,10/23/2024
674-20240-3,674-20240,674,3,10/23/2024
679-20240-3,679-20240,679,3,10/23/2024
460-20240-3,460-20240,460,3,10/24/2024
51-20240-3,51-20240,51,3,10/24/2024
533-20240-3,533-20240,533,3,10/24/2024
600-20240-3,600-20240,600,3,10/24/2024
42-20240-3,42-20240,42,3,10/25/2024
455-20240-3,455-20240,455,3,10/25/2024
506-20240-3,506-20240,506,3,10/30/2024
513-20240-3,513-20240,513,3,10/30/2024
517-20240-3,517-20240,517,3,10/30/2024
678-20240-3,678-20240,678,3,10/30/2024
507-20240-3,507-20240,507,3,10/31/2024
508-20240-3,508-20240,508,3,10/31/2024
516-20240-3,516-20240,516,3,10/31/2024
177-20240-3,177-20240,177,3,11/1/2024
448-20240-3,448-20240,448,3,11/6/2024
647-20240-3,647-20240,647,3,11/6/2024
648-20240-3,648-20240,648,3,11/6/2024
464-20240-3,464-20240,464,3,11/8/2024
570-20240-3,570-20240,570,3,11/8/2024
693-20240-3,693-20240,693,3,11/8/2024
708-20240-3,708-20240,708,3,11/12/2024
624-20240-3,624-20240,624,3,11/13/2024
625-20240-3,625-20240,625,3,11/13/2024
707-20240-3,707-20240,707,3,11/14/2024
604-20240-3,604-20240,604,3,11/15/2024
620-20240-3,620-20240,620,3,11/15/2024
512-20240-3,512-20240,512,3,11/21/2024
515-20240-3,515-20240,515,3,11/21/2024
710-20240-3,710-20240,710,3,11/21/2024
692-20240-3,692-20240,692,3,12/5/2024
709-20240-3,709-20240,709,3,12/6/2024
511-20240-3,511-20240,511,3,12/13/2024
81-20240-3,81-20240,81,3,12/13/2024
711-20240-3,711-20240,711,3,12/18/2024
412-20240-4,412-20240,412,4,9/20/2024
466-20240-4,466-20240,466,4,9/20/2024
632-20240-4,632-20240,632,4,9/24/2024
676-20240-4,676-20240,676,4,9/24/2024
622-20240-4,622-20240,622,4,9/26/2024
617-20240-4,617-20240,617,4,10/1/2024
626-20240-4,626-20240,626,4,10/1/2024
694-20240-4,694-20240,694,4,10/1/2024
696-20240-4,696-20240,696,4,10/1/2024
188-20240-4,188-20240,188,4,10/2/2024
442-20240-4,442-20240,442,4,10/2/2024
465-20240-4,465-20240,465,4,10/2/2024
486-20240-4,486-20240,486,4,10/2/2024
487-20240-4,487-20240,487,4,10/2/2024
576-20240-4,576-20240,576,4,10/2/2024
618-20240-4,618-20240,618,4,10/2/2024
630-20240-4,630-20240,630,4,10/2/2024
703-20240-4,703-20240,703,4,10/2/2024
93-20240-4,93-20240,93,4,10/2/2024
123-20240-4,123-20240,123,4,10/3/2024
526-20240-4,526-20240,526,4,10/3/2024
528-20240-4,528-20240,528,4,10/3/2024
582-20240-4,582-20240,582,4,10/3/2024
627-20240-4,627-20240,627,4,10/3/2024
580-20240-4,580-20240,580,4,10/7/2024
468-20240-4,468-20240,468,4,10/8/2024
491-20240-4,491-20240,491,4,10/8/2024
52-20240-4,52-20240,52,4,10/8/2024
521-20240-4,521-20240,521,4,10/8/2024
525-20240-4,525-20240,525,4,10/8/2024
543-20240-4,543-20240,543,4,10/8/2024
578-20240-4,578-20240,578,4,10/8/2024
613-20240-4,613-20240,613,4,10/8/2024
623-20240-4,623-20240,623,4,10/8/2024
629-20240-4,629-20240,629,4,10/8/2024
7-20240-4,7-20240,7,4,10/8/2024
479-20240-4,479-20240,479,4,10/9/2024
485-20240-4,485-20240,485,4,10/9/2024
497-20240-4,497-20240,497,4,10/9/2024
503-20240-4,503-20240,503,4,10/9/2024
524-20240-4,524-20240,524,4,10/9/2024
539-20240-4,539-20240,539,4,10/9/2024
581-20240-4,581-20240,581,4,10/9/2024
583-20240-4,583-20240,583,4,10/9/2024
628-20240-4,628-20240,628,4,10/9/2024
681-20240-4,681-20240,681,4,10/9/2024
705-20240-4,705-20240,705,4,10/9/2024
291-20240-4,291-20240,291,4,10/10/2024
293-20240-4,293-20240,293,4,10/10/2024
430-20240-4,430-20240,430,4,10/10/2024
631-20240-4,631-20240,631,4,10/10/2024
668-20240-4,668-20240,668,4,10/10/2024
480-20240-4,480-20240,480,4,10/11/2024
171-20240-4,171-20240,171,4,10/15/2024
173-20240-4,173-20240,173,4,10/15/2024
193-20240-4,193-20240,193,4,10/15/2024
298-20240-4,298-20240,298,4,10/15/2024
379-20240-4,379-20240,379,4,10/15/2024
431-20240-4,431-20240,431,4,10/15/2024
459-20240-4,459-20240,459,4,10/15/2024
501-20240-4,501-20240,501,4,10/15/2024
574-20240-4,574-20240,574,4,10/15/2024
595-20240-4,595-20240,595,4,10/15/2024
598-20240-4,598-20240,598,4,10/15/2024
614-20240-4,614-20240,614,4,10/15/2024
680-20240-4,680-20240,680,4,10/15/2024
699-20240-4,699-20240,699,4,10/15/2024
700-20240-4,700-20240,700,4,10/15/2024
702-20240-4,702-20240,702,4,10/15/2024
41-20240-4,41-20240,41,4,10/16/2024
422-20240-4,422-20240,422,4,10/16/2024
456-20240-4,456-20240,456,4,10/16/2024
538-20240-4,538-20240,538,4,10/16/2024
571-20240-4,571-20240,571,4,10/16/2024
577-20240-4,577-20240,577,4,10/16/2024
596-20240-4,596-20240,596,4,10/16/2024
597-20240-4,597-20240,597,4,10/16/2024
607-20240-4,607-20240,607,4,10/16/2024
67-20240-4,67-20240,67,4,10/16/2024
704-20240-4,704-20240,704,4,10/16/2024
129-20240-4,129-20240,129,4,10/17/2024
143-20240-4,143-20240,143,4,10/17/2024
299-20240-4,299-20240,299,4,10/17/2024
441-20240-4,441-20240,441,4,10/17/2024
443-20240-4,443-20240,443,4,10/17/2024
462-20240-4,462-20240,462,4,10/17/2024
527-20240-4,527-20240,527,4,10/17/2024
63-20240-4,63-20240,63,4,10/17/2024
656-20240-4,656-20240,656,4,10/17/2024
675-20240-4,675-20240,675,4,10/17/2024
683-20240-4,683-20240,683,4,10/17/2024
687-20240-4,687-20240,687,4,10/17/2024
695-20240-4,695-20240,695,4,10/17/2024
8-20240-4,8-20240,8,4,10/17/2024
187-20240-4,187-20240,187,4,10/18/2024
189-20240-4,189-20240,189,4,10/18/2024
453-20240-4,453-20240,453,4,10/18/2024
461-20240-4,461-20240,461,4,10/18/2024
490-20240-4,490-20240,490,4,10/18/2024
492-20240-4,492-20240,492,4,10/18/2024
493-20240-4,493-20240,493,4,10/18/2024
500-20240-4,500-20240,500,4,10/18/2024
594-20240-4,594-20240,594,4,10/18/2024
697-20240-4,697-20240,697,4,10/18/2024
125-20240-4,125-20240,125,4,10/22/2024
14-20240-4,14-20240,14,4,10/22/2024
297-20240-4,297-20240,297,4,10/22/2024
380-20240-4,380-20240,380,4,10/22/2024
463-20240-4,463-20240,463,4,10/22/2024
470-20240-4,470-20240,470,4,10/22/2024
589-20240-4,589-20240,589,4,10/22/2024
599-20240-4,599-20240,599,4,10/22/2024
66-20240-4,66-20240,66,4,10/22/2024
664-20240-4,664-20240,664,4,10/22/2024
682-20240-4,682-20240,682,4,10/22/2024
698-20240-4,698-20240,698,4,10/22/2024
122-20240-4,122-20240,122,4,10/23/2024
178-20240-4,178-20240,178,4,10/23/2024
382-20240-4,382-20240,382,4,10/23/2024
424-20240-4,424-20240,424,4,10/23/2024
454-20240-4,454-20240,454,4,10/23/2024
458-20240-4,458-20240,458,4,10/23/2024
471-20240-4,471-20240,471,4,10/23/2024
478-20240-4,478-20240,478,4,10/23/2024
50-20240-4,50-20240,50,4,10/23/2024
587-20240-4,587-20240,587,4,10/23/2024
686-20240-4,686-20240,686,4,10/23/2024
688-20240-4,688-20240,688,4,10/23/2024
227-20240-4,227-20240,227,4,10/24/2024
288-20240-4,288-20240,288,4,10/24/2024
469-20240-4,469-20240,469,4,10/24/2024
477-20240-4,477-20240,477,4,10/24/2024
499-20240-4,499-20240,499,4,10/24/2024
502-20240-4,502-20240,502,4,10/24/2024
522-20240-4,522-20240,522,4,10/24/2024
523-20240-4,523-20240,523,4,10/24/2024
573-20240-4,573-20240,573,4,10/24/2024
590-20240-4,590-20240,590,4,10/24/2024
610-20240-4,610-20240,610,4,10/24/2024
684-20240-4,684-20240,684,4,10/24/2024
89-20240-4,89-20240,89,4,10/24/2024
54-20240-4,54-20240,54,4,10/29/2024
655-20240-4,655-20240,655,4,10/29/2024
691-20240-4,691-20240,691,4,10/29/2024
706-20240-4,706-20240,706,4,10/29/2024
385-20240-4,385-20240,385,4,10/30/2024
474-20240-4,474-20240,474,4,10/30/2024
651-20240-4,651-20240,651,4,10/30/2024
701-20240-4,701-20240,701,4,10/30/2024
248-20240-4,248-20240,248,4,10/31/2024
584-20240-4,584-20240,584,4,10/31/2024
585-20240-4,585-20240,585,4,10/31/2024
586-20240-4,586-20240,586,4,10/31/2024
637-20240-4,637-20240,637,4,10/31/2024
690-20240-4,690-20240,690,4,10/31/2024
388-20240-4,388-20240,388,4,11/1/2024
616-20240-4,616-20240,616,4,11/6/2024
674-20240-4,674-20240,674,4,11/6/2024
679-20240-4,679-20240,679,4,11/6/2024
460-20240-4,460-20240,460,4,11/7/2024
51-20240-4,51-20240,51,4,11/7/2024
600-20240-4,600-20240,600,4,11/7/2024
677-20240-4,677-20240,677,4,11/7/2024
377-20240-4,377-20240,377,4,11/8/2024
42-20240-4,42-20240,42,4,11/8/2024
455-20240-4,455-20240,455,4,11/8/2024
94-20240-4,94-20240,94,4,11/8/2024
506-20240-4,506-20240,506,4,11/13/2024
513-20240-4,513-20240,513,4,11/13/2024
517-20240-4,517-20240,517,4,11/13/2024
678-20240-4,678-20240,678,4,11/13/2024
507-20240-4,507-20240,507,4,11/14/2024
508-20240-4,508-20240,508,4,11/14/2024
516-20240-4,516-20240,516,4,11/14/2024
177-20240-4,177-20240,177,4,11/15/2024
119-20240-4,119-20240,119,4,11/19/2024
448-20240-4,448-20240,448,4,11/20/2024
647-20240-4,647-20240,647,4,11/20/2024
648-20240-4,648-20240,648,4,11/20/2024
652-20240-4,652-20240,652,4,11/20/2024
533-20240-4,533-20240,533,4,11/21/2024
464-20240-4,464-20240,464,4,11/22/2024
570-20240-4,570-20240,570,4,11/22/2024
693-20240-4,693-20240,693,4,11/22/2024
708-20240-4,708-20240,708,4,12/3/2024
512-20240-4,512-20240,512,4,12/5/2024
515-20240-4,515-20240,515,4,12/5/2024
707-20240-4,707-20240,707,4,12/5/2024
624-20240-4,624-20240,624,4,12/12/2024
625-20240-4,625-20240,625,4,12/12/2024
710-20240-4,710-20240,710,4,12/12/2024
604-20240-4,604-20240,604,4,12/13/2024
620-20240-4,620-20240,620,4,12/13/2024
709-20240-4,709-20240,709,4,12/20/2024
485-20240-5,485-20240,485,5,10/15/2024
617-20240-5,617-20240,617,5,10/15/2024
626-20240-5,626-20240,626,5,10/15/2024
188-20240-5,188-20240,188,5,10/16/2024
442-20240-5,442-20240,442,5,10/16/2024
465-20240-5,465-20240,465,5,10/16/2024
576-20240-5,576-20240,576,5,10/16/2024
618-20240-5,618-20240,618,5,10/16/2024
630-20240-5,630-20240,630,5,10/16/2024
93-20240-5,93-20240,93,5,10/16/2024
123-20240-5,123-20240,123,5,10/17/2024
528-20240-5,528-20240,528,5,10/17/2024
627-20240-5,627-20240,627,5,10/17/2024
412-20240-5,412-20240,412,5,10/18/2024
466-20240-5,466-20240,466,5,10/18/2024
379-20240-5,379-20240,379,5,10/22/2024
468-20240-5,468-20240,468,5,10/22/2024
491-20240-5,491-20240,491,5,10/22/2024
52-20240-5,52-20240,52,5,10/22/2024
521-20240-5,521-20240,521,5,10/22/2024
525-20240-5,525-20240,525,5,10/22/2024
543-20240-5,543-20240,543,5,10/22/2024
578-20240-5,578-20240,578,5,10/22/2024
613-20240-5,613-20240,613,5,10/22/2024
623-20240-5,623-20240,623,5,10/22/2024
629-20240-5,629-20240,629,5,10/22/2024
632-20240-5,632-20240,632,5,10/22/2024
676-20240-5,676-20240,676,5,10/22/2024
7-20240-5,7-20240,7,5,10/22/2024
479-20240-5,479-20240,479,5,10/23/2024
503-20240-5,503-20240,503,5,10/23/2024
524-20240-5,524-20240,524,5,10/23/2024
538-20240-5,538-20240,538,5,10/23/2024
539-20240-5,539-20240,539,5,10/23/2024
581-20240-5,581-20240,581,5,10/23/2024
628-20240-5,628-20240,628,5,10/23/2024
681-20240-5,681-20240,681,5,10/23/2024
705-20240-5,705-20240,705,5,10/23/2024
291-20240-5,291-20240,291,5,10/24/2024
293-20240-5,293-20240,293,5,10/24/2024
430-20240-5,430-20240,430,5,10/24/2024
490-20240-5,490-20240,490,5,10/24/2024
492-20240-5,492-20240,492,5,10/24/2024
493-20240-5,493-20240,493,5,10/24/2024
622-20240-5,622-20240,622,5,10/24/2024
631-20240-5,631-20240,631,5,10/24/2024
668-20240-5,668-20240,668,5,10/24/2024
697-20240-5,697-20240,697,5,10/24/2024
480-20240-5,480-20240,480,5,10/25/2024
583-20240-5,583-20240,583,5,10/25/2024
171-20240-5,171-20240,171,5,10/29/2024
173-20240-5,173-20240,173,5,10/29/2024
193-20240-5,193-20240,193,5,10/29/2024
298-20240-5,298-20240,298,5,10/29/2024
380-20240-5,380-20240,380,5,10/29/2024
431-20240-5,431-20240,431,5,10/29/2024
459-20240-5,459-20240,459,5,10/29/2024
501-20240-5,501-20240,501,5,10/29/2024
526-20240-5,526-20240,526,5,10/29/2024
574-20240-5,574-20240,574,5,10/29/2024
580-20240-5,580-20240,580,5,10/29/2024
595-20240-5,595-20240,595,5,10/29/2024
598-20240-5,598-20240,598,5,10/29/2024
614-20240-5,614-20240,614,5,10/29/2024
680-20240-5,680-20240,680,5,10/29/2024
696-20240-5,696-20240,696,5,10/29/2024
699-20240-5,699-20240,699,5,10/29/2024
700-20240-5,700-20240,700,5,10/29/2024
702-20240-5,702-20240,702,5,10/29/2024
382-20240-5,382-20240,382,5,10/30/2024
41-20240-5,41-20240,41,5,10/30/2024
422-20240-5,422-20240,422,5,10/30/2024
456-20240-5,456-20240,456,5,10/30/2024
486-20240-5,486-20240,486,5,10/30/2024
487-20240-5,487-20240,487,5,10/30/2024
571-20240-5,571-20240,571,5,10/30/2024
577-20240-5,577-20240,577,5,10/30/2024
596-20240-5,596-20240,596,5,10/30/2024
597-20240-5,597-20240,597,5,10/30/2024
607-20240-5,607-20240,607,5,10/30/2024
67-20240-5,67-20240,67,5,10/30/2024
703-20240-5,703-20240,703,5,10/30/2024
704-20240-5,704-20240,704,5,10/30/2024
129-20240-5,129-20240,129,5,10/31/2024
143-20240-5,143-20240,143,5,10/31/2024
288-20240-5,288-20240,288,5,10/31/2024
299-20240-5,299-20240,299,5,10/31/2024
441-20240-5,441-20240,441,5,10/31/2024
443-20240-5,443-20240,443,5,10/31/2024
462-20240-5,462-20240,462,5,10/31/2024
527-20240-5,527-20240,527,5,10/31/2024
582-20240-5,582-20240,582,5,10/31/2024
63-20240-5,63-20240,63,5,10/31/2024
656-20240-5,656-20240,656,5,10/31/2024
675-20240-5,675-20240,675,5,10/31/2024
683-20240-5,683-20240,683,5,10/31/2024
695-20240-5,695-20240,695,5,10/31/2024
8-20240-5,8-20240,8,5,10/31/2024
187-20240-5,187-20240,187,5,11/1/2024
189-20240-5,189-20240,189,5,11/1/2024
453-20240-5,453-20240,453,5,11/1/2024
461-20240-5,461-20240,461,5,11/1/2024
594-20240-5,594-20240,594,5,11/1/2024
297-20240-5,297-20240,297,5,11/5/2024
589-20240-5,589-20240,589,5,11/5/2024
698-20240-5,698-20240,698,5,11/5/2024
122-20240-5,122-20240,122,5,11/6/2024
178-20240-5,178-20240,178,5,11/6/2024
424-20240-5,424-20240,424,5,11/6/2024
454-20240-5,454-20240,454,5,11/6/2024
458-20240-5,458-20240,458,5,11/6/2024
471-20240-5,471-20240,471,5,11/6/2024
478-20240-5,478-20240,478,5,11/6/2024
497-20240-5,497-20240,497,5,11/6/2024
50-20240-5,50-20240,50,5,11/6/2024
587-20240-5,587-20240,587,5,11/6/2024
686-20240-5,686-20240,686,5,11/6/2024
688-20240-5,688-20240,688,5,11/6/2024
227-20240-5,227-20240,227,5,11/7/2024
469-20240-5,469-20240,469,5,11/7/2024
477-20240-5,477-20240,477,5,11/7/2024
499-20240-5,499-20240,499,5,11/7/2024
502-20240-5,502-20240,502,5,11/7/2024
522-20240-5,522-20240,522,5,11/7/2024
523-20240-5,523-20240,523,5,11/7/2024
573-20240-5,573-20240,573,5,11/7/2024
590-20240-5,590-20240,590,5,11/7/2024
610-20240-5,610-20240,610,5,11/7/2024
637-20240-5,637-20240,637,5,11/7/2024
684-20240-5,684-20240,684,5,11/7/2024
89-20240-5,89-20240,89,5,11/7/2024
470-20240-5,470-20240,470,5,11/8/2024
655-20240-5,655-20240,655,5,11/12/2024
691-20240-5,691-20240,691,5,11/12/2024
694-20240-5,694-20240,694,5,11/12/2024
706-20240-5,706-20240,706,5,11/12/2024
385-20240-5,385-20240,385,5,11/13/2024
474-20240-5,474-20240,474,5,11/13/2024
651-20240-5,651-20240,651,5,11/13/2024
701-20240-5,701-20240,701,5,11/13/2024
248-20240-5,248-20240,248,5,11/14/2024
687-20240-5,687-20240,687,5,11/14/2024
690-20240-5,690-20240,690,5,11/14/2024
388-20240-5,388-20240,388,5,11/15/2024
94-20240-5,94-20240,94,5,11/15/2024
125-20240-5,125-20240,125,5,11/19/2024
14-20240-5,14-20240,14,5,11/19/2024
377-20240-5,377-20240,377,5,11/19/2024
463-20240-5,463-20240,463,5,11/19/2024
599-20240-5,599-20240,599,5,11/19/2024
66-20240-5,66-20240,66,5,11/19/2024
664-20240-5,664-20240,664,5,11/19/2024
677-20240-5,677-20240,677,5,11/19/2024
682-20240-5,682-20240,682,5,11/19/2024
616-20240-5,616-20240,616,5,11/20/2024
674-20240-5,674-20240,674,5,11/20/2024
679-20240-5,679-20240,679,5,11/20/2024
460-20240-5,460-20240,460,5,11/21/2024
51-20240-5,51-20240,51,5,11/21/2024
600-20240-5,600-20240,600,5,11/21/2024
42-20240-5,42-20240,42,5,11/22/2024
455-20240-5,455-20240,455,5,11/22/2024
500-20240-5,500-20240,500,5,11/22/2024
54-20240-5,54-20240,54,5,11/22/2024
584-20240-5,584-20240,584,5,11/22/2024
585-20240-5,585-20240,585,5,11/22/2024
586-20240-5,586-20240,586,5,11/22/2024
506-20240-5,506-20240,506,5,11/26/2024
513-20240-5,513-20240,513,5,11/26/2024
517-20240-5,517-20240,517,5,11/26/2024
507-20240-5,507-20240,507,5,11/27/2024
508-20240-5,508-20240,508,5,11/27/2024
516-20240-5,516-20240,516,5,11/27/2024
448-20240-5,448-20240,448,5,12/4/2024
647-20240-5,647-20240,647,5,12/4/2024
648-20240-5,648-20240,648,5,12/4/2024
678-20240-5,678-20240,678,5,12/4/2024
177-20240-5,177-20240,177,5,12/6/2024
570-20240-5,570-20240,570,5,12/6/2024
693-20240-5,693-20240,693,5,12/6/2024
119-20240-5,119-20240,119,5,12/10/2024
652-20240-5,652-20240,652,5,12/11/2024
533-20240-5,533-20240,533,5,12/12/2024
464-20240-5,464-20240,464,5,12/13/2024
708-20240-5,708-20240,708,5,12/13/2024
512-20240-5,512-20240,512,5,12/19/2024
515-20240-5,515-20240,515,5,12/19/2024
707-20240-5,707-20240,707,5,12/19/2024
485-20240-6,485-20240,485,6,10/29/2024
617-20240-6,617-20240,617,6,10/29/2024
188-20240-6,188-20240,188,6,10/30/2024
442-20240-6,442-20240,442,6,10/30/2024
465-20240-6,465-20240,465,6,10/30/2024
576-20240-6,576-20240,576,6,10/30/2024
618-20240-6,618-20240,618,6,10/30/2024
93-20240-6,93-20240,93,6,10/30/2024
123-20240-6,123-20240,123,6,10/31/2024
528-20240-6,528-20240,528,6,10/31/2024
379-20240-6,379-20240,379,6,11/5/2024
380-20240-6,380-20240,380,6,11/5/2024
521-20240-6,521-20240,521,6,11/5/2024
578-20240-6,578-20240,578,6,11/5/2024
623-20240-6,623-20240,623,6,11/5/2024
382-20240-6,382-20240,382,6,11/6/2024
479-20240-6,479-20240,479,6,11/6/2024
503-20240-6,503-20240,503,6,11/6/2024
524-20240-6,524-20240,524,6,11/6/2024
538-20240-6,538-20240,538,6,11/6/2024
539-20240-6,539-20240,539,6,11/6/2024
581-20240-6,581-20240,581,6,11/6/2024
628-20240-6,628-20240,628,6,11/6/2024
681-20240-6,681-20240,681,6,11/6/2024
705-20240-6,705-20240,705,6,11/6/2024
288-20240-6,288-20240,288,6,11/7/2024
291-20240-6,291-20240,291,6,11/7/2024
293-20240-6,293-20240,293,6,11/7/2024
430-20240-6,430-20240,430,6,11/7/2024
490-20240-6,490-20240,490,6,11/7/2024
492-20240-6,492-20240,492,6,11/7/2024
493-20240-6,493-20240,493,6,11/7/2024
622-20240-6,622-20240,622,6,11/7/2024
668-20240-6,668-20240,668,6,11/7/2024
697-20240-6,697-20240,697,6,11/7/2024
412-20240-6,412-20240,412,6,11/8/2024
466-20240-6,466-20240,466,6,11/8/2024
468-20240-6,468-20240,468,6,11/8/2024
480-20240-6,480-20240,480,6,11/8/2024
491-20240-6,491-20240,491,6,11/8/2024
525-20240-6,525-20240,525,6,11/8/2024
7-20240-6,7-20240,7,6,11/8/2024
173-20240-6,173-20240,173,6,11/12/2024
193-20240-6,193-20240,193,6,11/12/2024
298-20240-6,298-20240,298,6,11/12/2024
431-20240-6,431-20240,431,6,11/12/2024
459-20240-6,459-20240,459,6,11/12/2024
501-20240-6,501-20240,501,6,11/12/2024
526-20240-6,526-20240,526,6,11/12/2024
543-20240-6,543-20240,543,6,11/12/2024
574-20240-6,574-20240,574,6,11/12/2024
580-20240-6,580-20240,580,6,11/12/2024
595-20240-6,595-20240,595,6,11/12/2024
598-20240-6,598-20240,598,6,11/12/2024
613-20240-6,613-20240,613,6,11/12/2024
614-20240-6,614-20240,614,6,11/12/2024
626-20240-6,626-20240,626,6,11/12/2024
680-20240-6,680-20240,680,6,11/12/2024
696-20240-6,696-20240,696,6,11/12/2024
699-20240-6,699-20240,699,6,11/12/2024
700-20240-6,700-20240,700,6,11/12/2024
702-20240-6,702-20240,702,6,11/12/2024
41-20240-6,41-20240,41,6,11/13/2024
422-20240-6,422-20240,422,6,11/13/2024
424-20240-6,424-20240,424,6,11/13/2024
456-20240-6,456-20240,456,6,11/13/2024
486-20240-6,486-20240,486,6,11/13/2024
487-20240-6,487-20240,487,6,11/13/2024
571-20240-6,571-20240,571,6,11/13/2024
577-20240-6,577-20240,577,6,11/13/2024
596-20240-6,596-20240,596,6,11/13/2024
597-20240-6,597-20240,597,6,11/13/2024
607-20240-6,607-20240,607,6,11/13/2024
630-20240-6,630-20240,630,6,11/13/2024
67-20240-6,67-20240,67,6,11/13/2024
703-20240-6,703-20240,703,6,11/13/2024
704-20240-6,704-20240,704,6,11/13/2024
129-20240-6,129-20240,129,6,11/14/2024
143-20240-6,143-20240,143,6,11/14/2024
299-20240-6,299-20240,299,6,11/14/2024
441-20240-6,441-20240,441,6,11/14/2024
443-20240-6,443-20240,443,6,11/14/2024
462-20240-6,462-20240,462,6,11/14/2024
527-20240-6,527-20240,527,6,11/14/2024
582-20240-6,582-20240,582,6,11/14/2024
627-20240-6,627-20240,627,6,11/14/2024
63-20240-6,63-20240,63,6,11/14/2024
637-20240-6,637-20240,637,6,11/14/2024
656-20240-6,656-20240,656,6,11/14/2024
675-20240-6,675-20240,675,6,11/14/2024
683-20240-6,683-20240,683,6,11/14/2024
695-20240-6,695-20240,695,6,11/14/2024
8-20240-6,8-20240,8,6,11/14/2024
187-20240-6,187-20240,187,6,11/15/2024
189-20240-6,189-20240,189,6,11/15/2024
453-20240-6,453-20240,453,6,11/15/2024
461-20240-6,461-20240,461,6,11/15/2024
594-20240-6,594-20240,594,6,11/15/2024
297-20240-6,297-20240,297,6,11/19/2024
470-20240-6,470-20240,470,6,11/19/2024
52-20240-6,52-20240,52,6,11/19/2024
589-20240-6,589-20240,589,6,11/19/2024
629-20240-6,629-20240,629,6,11/19/2024
632-20240-6,632-20240,632,6,11/19/2024
676-20240-6,676-20240,676,6,11/19/2024
698-20240-6,698-20240,698,6,11/19/2024
122-20240-6,122-20240,122,6,11/20/2024
178-20240-6,178-20240,178,6,11/20/2024
454-20240-6,454-20240,454,6,11/20/2024
458-20240-6,458-20240,458,6,11/20/2024
471-20240-6,471-20240,471,6,11/20/2024
478-20240-6,478-20240,478,6,11/20/2024
497-20240-6,497-20240,497,6,11/20/2024
50-20240-6,50-20240,50,6,11/20/2024
583-20240-6,583-20240,583,6,11/20/2024
587-20240-6,587-20240,587,6,11/20/2024
686-20240-6,686-20240,686,6,11/20/2024
688-20240-6,688-20240,688,6,11/20/2024
227-20240-6,227-20240,227,6,11/21/2024
469-20240-6,469-20240,469,6,11/21/2024
477-20240-6,477-20240,477,6,11/21/2024
499-20240-6,499-20240,499,6,11/21/2024
502-20240-6,502-20240,502,6,11/21/2024
522-20240-6,522-20240,522,6,11/21/2024
523-20240-6,523-20240,523,6,11/21/2024
573-20240-6,573-20240,573,6,11/21/2024
590-20240-6,590-20240,590,6,11/21/2024
610-20240-6,610-20240,610,6,11/21/2024
631-20240-6,631-20240,631,6,11/21/2024
684-20240-6,684-20240,684,6,11/21/2024
687-20240-6,687-20240,687,6,11/22/2024
171-20240-6,171-20240,171,6,12/3/2024
54-20240-6,54-20240,54,6,12/3/2024
655-20240-6,655-20240,655,6,12/3/2024
694-20240-6,694-20240,694,6,12/3/2024
385-20240-6,385-20240,385,6,12/4/2024
474-20240-6,474-20240,474,6,12/4/2024
616-20240-6,616-20240,616,6,12/4/2024
674-20240-6,674-20240,674,6,12/4/2024
701-20240-6,701-20240,701,6,12/4/2024
248-20240-6,248-20240,248,6,12/5/2024
584-20240-6,584-20240,584,6,12/5/2024
585-20240-6,585-20240,585,6,12/5/2024
586-20240-6,586-20240,586,6,12/5/2024
651-20240-6,651-20240,651,6,12/5/2024
690-20240-6,690-20240,690,6,12/5/2024
388-20240-6,388-20240,388,6,12/6/2024
706-20240-6,706-20240,706,6,12/6/2024
125-20240-6,125-20240,125,6,12/10/2024
14-20240-6,14-20240,14,6,12/10/2024
377-20240-6,377-20240,377,6,12/10/2024
463-20240-6,463-20240,463,6,12/10/2024
599-20240-6,599-20240,599,6,12/10/2024
66-20240-6,66-20240,66,6,12/10/2024
664-20240-6,664-20240,664,6,12/10/2024
677-20240-6,677-20240,677,6,12/10/2024
682-20240-6,682-20240,682,6,12/10/2024
506-20240-6,506-20240,506,6,12/11/2024
513-20240-6,513-20240,513,6,12/11/2024
517-20240-6,517-20240,517,6,12/11/2024
679-20240-6,679-20240,679,6,12/11/2024
460-20240-6,460-20240,460,6,12/12/2024
507-20240-6,507-20240,507,6,12/12/2024
51-20240-6,51-20240,51,6,12/12/2024
516-20240-6,516-20240,516,6,12/12/2024
600-20240-6,600-20240,600,6,12/12/2024
89-20240-6,89-20240,89,6,12/12/2024
42-20240-6,42-20240,42,6,12/13/2024
455-20240-6,455-20240,455,6,12/13/2024
500-20240-6,500-20240,500,6,12/13/2024
94-20240-6,94-20240,94,6,12/13/2024
691-20240-6,691-20240,691,6,12/17/2024
448-20240-6,448-20240,448,6,12/18/2024
647-20240-6,647-20240,647,6,12/18/2024
648-20240-6,648-20240,648,6,12/18/2024
678-20240-6,678-20240,678,6,12/18/2024
177-20240-6,177-20240,177,6,12/20/2024
570-20240-6,570-20240,570,6,12/20/2024
693-20240-6,693-20240,693,6,12/20/2024
485-20240-7,485-20240,485,7,11/12/2024
617-20240-7,617-20240,617,7,11/12/2024
188-20240-7,188-20240,188,7,11/13/2024
442-20240-7,442-20240,442,7,11/13/2024
465-20240-7,465-20240,465,7,11/13/2024
576-20240-7,576-20240,576,7,11/13/2024
618-20240-7,618-20240,618,7,11/13/2024
93-20240-7,93-20240,93,7,11/13/2024
123-20240-7,123-20240,123,7,11/14/2024
528-20240-7,528-20240,528,7,11/14/2024
379-20240-7,379-20240,379,7,11/19/2024
380-20240-7,380-20240,380,7,11/19/2024
468-20240-7,468-20240,468,7,11/19/2024
491-20240-7,491-20240,491,7,11/19/2024
521-20240-7,521-20240,521,7,11/19/2024
525-20240-7,525-20240,525,7,11/19/2024
578-20240-7,578-20240,578,7,11/19/2024
623-20240-7,623-20240,623,7,11/19/2024
7-20240-7,7-20240,7,7,11/19/2024
382-20240-7,382-20240,382,7,11/20/2024
424-20240-7,424-20240,424,7,11/20/2024
479-20240-7,479-20240,479,7,11/20/2024
503-20240-7,503-20240,503,7,11/20/2024
524-20240-7,524-20240,524,7,11/20/2024
538-20240-7,538-20240,538,7,11/20/2024
539-20240-7,539-20240,539,7,11/20/2024
581-20240-7,581-20240,581,7,11/20/2024
628-20240-7,628-20240,628,7,11/20/2024
681-20240-7,681-20240,681,7,11/20/2024
705-20240-7,705-20240,705,7,11/20/2024
288-20240-7,288-20240,288,7,11/21/2024
291-20240-7,291-20240,291,7,11/21/2024
293-20240-7,293-20240,293,7,11/21/2024
430-20240-7,430-20240,430,7,11/21/2024
490-20240-7,490-20240,490,7,11/21/2024
492-20240-7,492-20240,492,7,11/21/2024
493-20240-7,493-20240,493,7,11/21/2024
622-20240-7,622-20240,622,7,11/21/2024
668-20240-7,668-20240,668,7,11/21/2024
697-20240-7,697-20240,697,7,11/21/2024
412-20240-7,412-20240,412,7,11/22/2024
466-20240-7,466-20240,466,7,11/22/2024
480-20240-7,480-20240,480,7,11/22/2024
173-20240-7,173-20240,173,7,12/3/2024
193-20240-7,193-20240,193,7,12/3/2024
297-20240-7,297-20240,297,7,12/3/2024
431-20240-7,431-20240,431,7,12/3/2024
459-20240-7,459-20240,459,7,12/3/2024
501-20240-7,501-20240,501,7,12/3/2024
526-20240-7,526-20240,526,7,12/3/2024
543-20240-7,543-20240,543,7,12/3/2024
574-20240-7,574-20240,574,7,12/3/2024
580-20240-7,580-20240,580,7,12/3/2024
595-20240-7,595-20240,595,7,12/3/2024
598-20240-7,598-20240,598,7,12/3/2024
613-20240-7,613-20240,613,7,12/3/2024
614-20240-7,614-20240,614,7,12/3/2024
632-20240-7,632-20240,632,7,12/3/2024
676-20240-7,676-20240,676,7,12/3/2024
680-20240-7,680-20240,680,7,12/3/2024
696-20240-7,696-20240,696,7,12/3/2024
698-20240-7,698-20240,698,7,12/3/2024
41-20240-7,41-20240,41,7,12/4/2024
422-20240-7,422-20240,422,7,12/4/2024
456-20240-7,456-20240,456,7,12/4/2024
486-20240-7,486-20240,486,7,12/4/2024
487-20240-7,487-20240,487,7,12/4/2024
577-20240-7,577-20240,577,7,12/4/2024
596-20240-7,596-20240,596,7,12/4/2024
597-20240-7,597-20240,597,7,12/4/2024
67-20240-7,67-20240,67,7,12/4/2024
703-20240-7,703-20240,703,7,12/4/2024
704-20240-7,704-20240,704,7,12/4/2024
129-20240-7,129-20240,129,7,12/5/2024
143-20240-7,143-20240,143,7,12/5/2024
441-20240-7,441-20240,441,7,12/5/2024
443-20240-7,443-20240,443,7,12/5/2024
462-20240-7,462-20240,462,7,12/5/2024
522-20240-7,522-20240,522,7,12/5/2024
523-20240-7,523-20240,523,7,12/5/2024
582-20240-7,582-20240,582,7,12/5/2024
63-20240-7,63-20240,63,7,12/5/2024
631-20240-7,631-20240,631,7,12/5/2024
637-20240-7,637-20240,637,7,12/5/2024
656-20240-7,656-20240,656,7,12/5/2024
683-20240-7,683-20240,683,7,12/5/2024
687-20240-7,687-20240,687,7,12/5/2024
695-20240-7,695-20240,695,7,12/5/2024
8-20240-7,8-20240,8,7,12/5/2024
187-20240-7,187-20240,187,7,12/6/2024
189-20240-7,189-20240,189,7,12/6/2024
453-20240-7,453-20240,453,7,12/6/2024
461-20240-7,461-20240,461,7,12/6/2024
298-20240-7,298-20240,298,7,12/10/2024
470-20240-7,470-20240,470,7,12/10/2024
52-20240-7,52-20240,52,7,12/10/2024
589-20240-7,589-20240,589,7,12/10/2024
626-20240-7,626-20240,626,7,12/10/2024
699-20240-7,699-20240,699,7,12/10/2024
700-20240-7,700-20240,700,7,12/10/2024
702-20240-7,702-20240,702,7,12/10/2024
122-20240-7,122-20240,122,7,12/11/2024
178-20240-7,178-20240,178,7,12/11/2024
454-20240-7,454-20240,454,7,12/11/2024
458-20240-7,458-20240,458,7,12/11/2024
471-20240-7,471-20240,471,7,12/11/2024
478-20240-7,478-20240,478,7,12/11/2024
497-20240-7,497-20240,497,7,12/11/2024
50-20240-7,50-20240,50,7,12/11/2024
571-20240-7,571-20240,571,7,12/11/2024
583-20240-7,583-20240,583,7,12/11/2024
587-20240-7,587-20240,587,7,12/11/2024
607-20240-7,607-20240,607,7,12/11/2024
630-20240-7,630-20240,630,7,12/11/2024
686-20240-7,686-20240,686,7,12/11/2024
688-20240-7,688-20240,688,7,12/11/2024
227-20240-7,227-20240,227,7,12/12/2024
299-20240-7,299-20240,299,7,12/12/2024
469-20240-7,469-20240,469,7,12/12/2024
477-20240-7,477-20240,477,7,12/12/2024
499-20240-7,499-20240,499,7,12/12/2024
502-20240-7,502-20240,502,7,12/12/2024
527-20240-7,527-20240,527,7,12/12/2024
573-20240-7,573-20240,573,7,12/12/2024
590-20240-7,590-20240,590,7,12/12/2024
610-20240-7,610-20240,610,7,12/12/2024
627-20240-7,627-20240,627,7,12/12/2024
675-20240-7,675-20240,675,7,12/12/2024
684-20240-7,684-20240,684,7,12/12/2024
594-20240-7,594-20240,594,7,12/13/2024
171-20240-7,171-20240,171,7,12/17/2024
54-20240-7,54-20240,54,7,12/17/2024
629-20240-7,629-20240,629,7,12/17/2024
655-20240-7,655-20240,655,7,12/17/2024
694-20240-7,694-20240,694,7,12/17/2024
706-20240-7,706-20240,706,7,12/17/2024
385-20240-7,385-20240,385,7,12/18/2024
474-20240-7,474-20240,474,7,12/18/2024
651-20240-7,651-20240,651,7,12/18/2024
701-20240-7,701-20240,701,7,12/18/2024
248-20240-7,248-20240,248,7,12/19/2024
584-20240-7,584-20240,584,7,12/19/2024
585-20240-7,585-20240,585,7,12/19/2024
586-20240-7,586-20240,586,7,12/19/2024
690-20240-7,690-20240,690,7,12/19/2024
388-20240-7,388-20240,388,7,12/20/2024
617-20240-8,617-20240,617,8,11/26/2024
485-20240-8,485-20240,485,8,12/3/2024
521-20240-8,521-20240,521,8,12/3/2024
188-20240-8,188-20240,188,8,12/4/2024
442-20240-8,442-20240,442,8,12/4/2024
465-20240-8,465-20240,465,8,12/4/2024
479-20240-8,479-20240,479,8,12/4/2024
576-20240-8,576-20240,576,8,12/4/2024
93-20240-8,93-20240,93,8,12/4/2024
123-20240-8,123-20240,123,8,12/5/2024
291-20240-8,291-20240,291,8,12/5/2024
293-20240-8,293-20240,293,8,12/5/2024
430-20240-8,430-20240,430,8,12/5/2024
528-20240-8,528-20240,528,8,12/5/2024
622-20240-8,622-20240,622,8,12/5/2024
297-20240-8,297-20240,297,8,12/6/2024
412-20240-8,412-20240,412,8,12/6/2024
466-20240-8,466-20240,466,8,12/6/2024
480-20240-8,480-20240,480,8,12/6/2024
379-20240-8,379-20240,379,8,12/10/2024
380-20240-8,380-20240,380,8,12/10/2024
468-20240-8,468-20240,468,8,12/10/2024
491-20240-8,491-20240,491,8,12/10/2024
525-20240-8,525-20240,525,8,12/10/2024
578-20240-8,578-20240,578,8,12/10/2024
623-20240-8,623-20240,623,8,12/10/2024
7-20240-8,7-20240,7,8,12/10/2024
382-20240-8,382-20240,382,8,12/11/2024
424-20240-8,424-20240,424,8,12/11/2024
503-20240-8,503-20240,503,8,12/11/2024
524-20240-8,524-20240,524,8,12/11/2024
538-20240-8,538-20240,538,8,12/11/2024
539-20240-8,539-20240,539,8,12/11/2024
581-20240-8,581-20240,581,8,12/11/2024
618-20240-8,618-20240,618,8,12/11/2024
681-20240-8,681-20240,681,8,12/11/2024
705-20240-8,705-20240,705,8,12/11/2024
288-20240-8,288-20240,288,8,12/12/2024
490-20240-8,490-20240,490,8,12/12/2024
492-20240-8,492-20240,492,8,12/12/2024
493-20240-8,493-20240,493,8,12/12/2024
668-20240-8,668-20240,668,8,12/12/2024
697-20240-8,697-20240,697,8,12/12/2024
543-20240-8,543-20240,543,8,12/13/2024
582-20240-8,582-20240,582,8,12/13/2024
613-20240-8,613-20240,613,8,12/13/2024
695-20240-8,695-20240,695,8,12/13/2024
8-20240-8,8-20240,8,8,12/13/2024
173-20240-8,173-20240,173,8,12/17/2024
193-20240-8,193-20240,193,8,12/17/2024
431-20240-8,431-20240,431,8,12/17/2024
459-20240-8,459-20240,459,8,12/17/2024
501-20240-8,501-20240,501,8,12/17/2024
526-20240-8,526-20240,526,8,12/17/2024
574-20240-8,574-20240,574,8,12/17/2024
580-20240-8,580-20240,580,8,12/17/2024
595-20240-8,595-20240,595,8,12/17/2024
598-20240-8,598-20240,598,8,12/17/2024
614-20240-8,614-20240,614,8,12/17/2024
632-20240-8,632-20240,632,8,12/17/2024
676-20240-8,676-20240,676,8,12/17/2024
680-20240-8,680-20240,680,8,12/17/2024
696-20240-8,696-20240,696,8,12/17/2024
41-20240-8,41-20240,41,8,12/18/2024
422-20240-8,422-20240,422,8,12/18/2024
456-20240-8,456-20240,456,8,12/18/2024
486-20240-8,486-20240,486,8,12/18/2024
487-20240-8,487-20240,487,8,12/18/2024
577-20240-8,577-20240,577,8,12/18/2024
596-20240-8,596-20240,596,8,12/18/2024
597-20240-8,597-20240,597,8,12/18/2024
628-20240-8,628-20240,628,8,12/18/2024
703-20240-8,703-20240,703,8,12/18/2024
704-20240-8,704-20240,704,8,12/18/2024
129-20240-8,129-20240,129,8,12/19/2024
441-20240-8,441-20240,441,8,12/19/2024
443-20240-8,443-20240,443,8,12/19/2024
462-20240-8,462-20240,462,8,12/19/2024
583-20240-8,583-20240,583,8,12/19/2024
610-20240-8,610-20240,610,8,12/19/2024
63-20240-8,63-20240,63,8,12/19/2024
631-20240-8,631-20240,631,8,12/19/2024
656-20240-8,656-20240,656,8,12/19/2024
683-20240-8,683-20240,683,8,12/19/2024
687-20240-8,687-20240,687,8,12/19/2024
453-20240-8,453-20240,453,8,12/20/2024
617-20240-9,617-20240,617,9,12/10/2024
412-20240-9,412-20240,412,9,12/13/2024
466-20240-9,466-20240,466,9,12/13/2024
485-20240-9,485-20240,485,9,12/17/2024
465-20240-9,465-20240,465,9,12/18/2024
576-20240-9,576-20240,576,9,12/18/2024
622-20240-9,622-20240,622,9,12/19/2024
