id,school_yearcode,DistroDate,DistroNumber,parent_distro,distrotype_id,TotalContainers,ContainersDistributed
5283378-34c66148-466,466-20240,11/8/2024,6,6,1,,185
2509729-42863ca1-466,466-20240,10/18/2024,5,5,1,,172
8027614-fa18278b-466,466-20240,9/20/2024,4,4,1,,180
7435427-f10aeb5d-466,466-20240,9/13/2024,3,3,1,,180
5196457-2c2006b2-466,466-20240,8/30/2024,2,2,1,,172
7203306-6a46ba8a-676,676-20240,11/19/2024,6,6,1,,125
5249150-5b899365,710-20240,11/7/2024,2,,1,126,126
3872179-25c1f743,705-20240,10/23/2024,5,,1,160,160
1618619-ca8bd460,696-20240,12/17/2024,8,,1,220,220
6630623-6ff30264,691-20240,11/12/2024,5,,1,110,102
9498979-e317b77f,674-20240,12/4/2024,6,,1,125,125
3791668-edd9a544,664-20240,10/22/2024,4,,1,180,173
247424-de326b5b,94-20240,11/8/2024,4,,1,100,97
6682718-498d2131,618-20240,11/13/2024,7,,1,115,115
4421855-187775a6,706-20240,10/29/2024,4,,1,100,98
7280436-ff588dfc,705-20240,11/20/2024,7,,1,160,160
9415540-49512244,696-20240,12/3/2024,7,,1,220,220
0258007-fedbfb0e,675-20240,12/12/2024,7,,1,115,115
9409122-f6c86816,694-20240,12/3/2024,6,,1,170,170
0193483-ef4aaff9,668-20240,12/12/2024,8,,1,220,220
6687630-0d3298ff,543-20240,11/12/2024,6,,1,65,65
9493136-36c8a1bc,648-20240,12/4/2024,5,,1,135,135
1742558-57811400,632-20240,12/17/2024,8,,1,175,175
9588384-dedf0937,622-20240,12/5/2024,8,,1,60,60
7298631-61e3809c,538-20240,11/20/2024,7,,1,145,145
6694189-01ec7e0d,701-20240,11/13/2024,5,,1,100,100
7210699-2041aeba,525-20240,11/19/2024,7,,1,165,165
7285060-6308d990,664-20240,11/19/2024,5,,1,185,185
5253105-0bf65a06,570-20240,11/8/2024,3,,1,225,225
9371171-5b810ec8,543-20240,9/24/2024,3,,1,50,45
7378542-adf547ff,622-20240,11/21/2024,7,,1,70,70
9579547-a20fa4d0,512-20240,12/5/2024,4,,1,125,125
5157314-48fd2a13,492-20240,11/7/2024,6,,1,155,155
5069379-60cfc2ee,581-20240,11/6/2024,6,,1,140,140
5199165-50c84e69,490-20240,11/7/2024,6,,1,140,131
0009276-8139c1ba,468-20240,12/10/2024,8,,1,100,100
5985108-08216b23,380-20240,11/5/2024,6,,1,70,70
7462872-2b801f22,668-20240,11/21/2024,7,,1,205,205
0278891-4a124e26,625-20240,12/12/2024,4,,1,140,140
6772440-fc0b81fd,675-20240,11/14/2024,6,,1,115,115
9493573-5bf35a45,647-20240,12/4/2024,5,,1,120,120
1652475-a2498ddd,539-20240,10/9/2024,4,,1,200,199
1703004-64a7587f,703-20240,12/18/2024,8,,1,125,125
5246718-7e76cacb,587-20240,11/6/2024,5,,1,200,193
7463184-8c3e16be,585-20240,11/22/2024,5,,1,190,190
7297543-b6ef4ba3,587-20240,11/20/2024,6,,1,190,190
0158361-512cafc3,586-20240,10/3/2024,2,,1,315,294
1831651-a0eeeff0,585-20240,12/19/2024,7,,1,185,185
2390764-a04035db,584-20240,10/17/2024,3,,1,300,274
7293300-99dc1310,674-20240,11/20/2024,5,,1,135,135
7463350-300fb38d,586-20240,11/22/2024,5,,1,350,350
4562394-f57c4acc,586-20240,10/31/2024,4,,1,350,321
3029129-6eee08b1,710-20240,10/24/2024,1,,1,43,43
7474748-659528ec,455-20240,11/22/2024,5,,1,185,185
1537138-5ff85da7,708-20240,12/13/2024,5,,1,155,155
9489679-71f1ae73,703-20240,12/4/2024,7,,1,135,135
9589177-7f64c9b3,690-20240,12/5/2024,6,,1,80,80
9575789-08ee1645,695-20240,12/5/2024,7,,1,130,130
9425244-50bb1330,543-20240,12/3/2024,7,,1,70,70
0284271-c9eb7b89,613-20240,12/13/2024,8,,1,60,60
9452114-130a1b1f,613-20240,12/3/2024,7,,1,60,60
0096049-ff9e8ad6,587-20240,12/11/2024,7,,1,180,180
0119754-f86b4212,478-20240,12/11/2024,7,,1,120,120
0190379-39d10e20,477-20240,12/12/2024,7,,1,135,135
0193743-4a63acd5,469-20240,12/12/2024,7,,1,140,140
1805998-e7600b87,248-20240,12/19/2024,7,,1,200,200
8944124-39fa66a4,101-20240,9/19/2024,0,,2,3,1
9576521-9847d6ae,711-20240,12/4/2024,2,,1,170,170
4467471-f85aa321,708-20240,10/29/2024,2,,1,150,135
9680166-b05a8f37,706-20240,12/6/2024,6,,1,100,100
1912012-12d0f682,668-20240,10/10/2024,4,,1,190,188
0053880-2433b844,664-20240,12/10/2024,6,,1,220,220
400536-b0d62c64,54-20240,10/29/2024,4,,1,125,125
6759045-621ce97a,521-20240,11/5/2024,6,,1,255,255
2350744-b34eed02,586-20240,10/17/2024,3,,1,330,310
4641335-f66edbe8,585-20240,10/31/2024,4,,1,180,170
4470556-2234c2df,513-20240,10/30/2024,3,,1,200,200
9686195-0f206364,585-20240,12/5/2024,6,,1,185,185
9667845-20af6fab,584-20240,12/5/2024,6,,1,290,290
3867223-b22b20ae,297-20240,10/22/2024,4,,1,34,34
6798333-231a7d6c,248-20240,11/14/2024,5,,1,200,199
3794106-a89c0f1c,101-20240,9/24/2024,6,,1,9,6
1742558-57811400-676,676-20240,12/17/2024,8,8,1,,175
3785761-a81c4ded-676,676-20240,10/22/2024,5,5,1,,121
9358724-ab383484-676,676-20240,9/24/2024,4,4,1,,104
1823179-ad6c2b19-523,523-20240,10/10/2024,3,3,1,,180
8949920-c50f76c6-443,443-20240,9/19/2024,3,3,1,,130
6724322-1ba58a4f-443,443-20240,9/5/2024,2,2,1,,110
4536981-26c9863a-443,443-20240,8/22/2024,1,1,1,,97
3983655-e27eb306-466,466-20240,8/16/2024,1,1,1,,169
9410919-155912aa-676,676-20240,12/3/2024,7,7,1,,135
5191929-85ccc6f4-523,523-20240,11/7/2024,5,5,1,,205
1787008-850bdf2c-443,443-20240,12/19/2024,8,8,1,,170
6764627-6515214a-443,443-20240,11/14/2024,6,6,1,,170
5938816-e0eaabac-676,676-20240,8/27/2024,2,2,1,,113
4559953-5db3b916-443,443-20240,10/31/2024,5,5,1,,157
5160618-b035c2ce,628-20240,11/6/2024,6,,1,100,100
8884839-0b16753d,523-20240,11/21/2024,6,,1,19,19
7466376-5b390d87,693-20240,11/22/2024,4,,1,75,75
9485764-1e1a374b,680-20240,12/3/2024,7,,1,130,130
7466004-7a1ccf23,570-20240,11/22/2024,4,,1,225,225
7382412-5ca81e5d,515-20240,11/21/2024,3,,1,130,130
8811247-882ceece,517-20240,11/26/2024,5,,1,90,90
6774208-9ce4f934,516-20240,11/14/2024,4,,1,650,650
7377463-3a33e81d,512-20240,11/21/2024,3,,1,125,125
6779685-0989774e,508-20240,11/14/2024,4,,1,150,150
8883849-a1e42b98,522-20240,11/21/2024,6,,1,200,200
0028673-4363cd4b,463-20240,12/10/2024,6,,1,75,75
9516216-df518b99,474-20240,12/4/2024,6,,1,130,130
5073615-8ecbf519,479-20240,11/6/2024,6,,1,180,172
4559953-5db3b916,441-20240,10/31/2024,5,,1,165,157
3943808-69bded2c,101-20240,8/30/2024,5,,1,11,11
1805647-d0812422,687-20240,12/19/2024,8,,1,150,150
4401043-c89321e9,696-20240,10/29/2024,5,,1,200,200
807065-06e9033e,63-20240,12/19/2024,8,,1,120,120
0108045-18cbf9c5,583-20240,12/11/2024,7,,1,200,200
6621060-f6e015fb,501-20240,11/12/2024,6,,1,115,115
7357083-a2660b5d,479-20240,11/20/2024,7,,1,175,175
7371274-e9f18ee2,430-20240,11/21/2024,7,,1,120,120
7111106-18091303,709-20240,11/15/2024,2,,1,80,75
2335692-1f4f027d,708-20240,10/15/2024,1,,1,140,112
1717585-acfd2139,704-20240,12/18/2024,8,,1,155,155
6686755-bb3ccab9,703-20240,11/13/2024,6,,1,135,135
1703823-4836ca3b,647-20240,12/18/2024,6,,1,120,120
66656-b1bb6080,8-20240,12/13/2024,8,,1,135,135
0273891-d7f6f136,695-20240,12/13/2024,8,,1,140,140
6759903-732fd3ae,695-20240,11/14/2024,6,,1,130,127
0195274-af92d78a,684-20240,12/12/2024,7,,1,130,130
9588474-ed326c7f,683-20240,12/5/2024,7,,1,105,105
6670029-33d2a4de,626-20240,11/12/2024,6,,1,97,65
4473601-6873d4a0,526-20240,10/29/2024,5,,1,180,170
9601721-d8965c70,523-20240,12/5/2024,7,,1,18,18
6618835-a7e0bdd8,614-20240,11/12/2024,6,,1,180,180
4424112-f1811e18,680-20240,10/29/2024,5,,1,120,120
0179646-b72951d4,599-20240,12/10/2024,6,,1,245,245
0068511-1fcba455,589-20240,12/10/2024,7,,1,125,125
7410512-58cbd006,631-20240,11/21/2024,6,,1,120,120
9601380-9192feff,522-20240,12/5/2024,7,,1,202,202
046777-22f3dbd0,52-20240,12/10/2024,7,,1,125,125
6683096-0b2daf95,506-20240,11/13/2024,4,,1,225,225
7315856-d475f4c9,497-20240,11/20/2024,6,,1,125,125
4331227-9320ce10,526-20240,8/20/2024,1,,1,160,142
0911402-cd04ae43,521-20240,12/3/2024,8,,1,255,255
095289-404f97fc,50-20240,11/6/2024,5,,1,120,120
0921109-362b9c99,461-20240,12/6/2024,7,,1,105,105
9493646-d8859cf9,459-20240,12/3/2024,7,,1,140,140
6611588-f8a72512,459-20240,11/12/2024,6,,1,135,135
6764627-6515214a,441-20240,11/14/2024,6,,1,170,170
5159275-4ade29c9,430-20240,11/7/2024,6,,1,120,120
5267102-7f9caca3,377-20240,11/8/2024,4,,1,180,176
4477258-f46819f4,385-20240,10/30/2024,4,,1,195,173
5022622-003cae32,297-20240,11/5/2024,5,,1,45,45
9677296-72cef8d1,189-20240,12/6/2024,7,,1,175,175
4375903-afeb4711,171-20240,10/29/2024,5,,1,170,163
9442061-0c048ea7,171-20240,12/3/2024,6,,1,160,160
022616-2510cf75,14-20240,12/10/2024,6,,1,226,226
7222837-f4004933,125-20240,11/19/2024,5,,1,145,145
1629797-3a0922a1,706-20240,12/17/2024,7,,1,100,100
1632733-cdf6ff7d,629-20240,12/17/2024,7,,1,100,100
7357839-a3e02e53,629-20240,11/19/2024,6,,1,100,100
6845781-ceb73694,627-20240,11/14/2024,6,,1,100,100
5071877-5a469b11,647-20240,11/6/2024,3,,1,100,100
7281489-08e3266e,647-20240,11/20/2024,4,,1,100,100
4551624-36282f59,507-20240,10/31/2024,3,,1,100,100
6766812-fac3d8d9,507-20240,11/14/2024,4,,1,100,100
5244248-0d4e97a4,468-20240,11/8/2024,6,,1,100,100
7408235-484ee745,288-20240,11/21/2024,7,,1,100,100
0047974-221482c9,119-20240,12/10/2024,5,,1,100,100
849308-ae027b3d,94-20240,11/15/2024,5,,1,100,92
273625-8024710b,81-20240,11/8/2024,1,,1,100,78
6608136-431b8259,706-20240,11/12/2024,5,,1,100,93
6692743-7c26398b,630-20240,11/13/2024,6,,1,100,86
7234990-078915af,616-20240,9/11/2024,1,,1,100,93
3978041-8caee2a5,499-20240,10/24/2024,4,,1,100,91
1797314-dac870c9,707-20240,12/19/2024,5,,1,130,130
1635283-10ff0229,680-20240,12/17/2024,8,,1,130,130
014785-ad4d6384,66-20240,12/10/2024,6,,1,130,130
1791141-9beb6221,515-20240,12/19/2024,5,,1,130,130
424493-7f5daf0d,54-20240,12/3/2024,6,,1,130,130
9582225-3d57ec7f,515-20240,12/5/2024,4,,1,130,130
6851966-329aad8c,511-20240,11/15/2024,2,,1,130,130
179459-9998f909,50-20240,12/11/2024,7,,1,130,130
7382137-687a78bb,460-20240,11/21/2024,5,,1,130,130
3948082-d0abb3ae,515-20240,10/24/2024,2,,1,130,130
5173152-9f6e9418,477-20240,11/7/2024,5,,1,130,130
1779373-434e6a59,474-20240,12/18/2024,7,,1,130,130
0180626-478c5862,490-20240,12/12/2024,8,,1,130,130
473260-49ac439d,41-20240,10/30/2024,5,,1,130,130
722321-86d229c8,41-20240,12/18/2024,8,,1,130,130
699370-5799b80e,41-20240,11/13/2024,6,,1,130,130
6623344-100a8167,193-20240,11/12/2024,6,,1,130,130
9675969-5d6accbf,187-20240,12/6/2024,7,,1,130,130
9478908-56e458f3,193-20240,12/3/2024,7,,1,130,130
9615698-7a5100c0,143-20240,12/5/2024,7,,1,130,130
418823-879b90c5,93-20240,8/21/2024,1,,1,130,100
5240797-5d6c87c0,460-20240,11/7/2024,4,,1,130,122
1725511-b6324959,576-20240,12/18/2024,9,,1,75,75
1826915-e3829ab7,622-20240,12/19/2024,9,,1,70,70
0021174-f5406643,617-20240,12/10/2024,9,,1,135,135
6632431-60340b5f,696-20240,11/12/2024,6,,1,210,210
7463486-6d3a40c9,687-20240,11/22/2024,6,,1,140,140
7382206-722670aa,684-20240,11/21/2024,6,,1,140,140
1708561-e29ff268,648-20240,12/18/2024,6,,1,135,135
6676411-a8338bff,613-20240,11/12/2024,6,,1,60,60
6681152-25e9bf0f,607-20240,11/13/2024,6,,1,215,179
0024765-93f7adcc,682-20240,12/10/2024,6,,1,170,170
6618505-b67724c3,699-20240,11/12/2024,6,,1,6,6
7218989-497bf2f2,698-20240,11/19/2024,6,,1,180,180
6690102-4585397b,596-20240,11/13/2024,6,,1,105,99
7377005-28b718c1,590-20240,11/21/2024,6,,1,125,125
7303214-93084a90,589-20240,11/19/2024,6,,1,120,120
7307680-f09ea264,688-20240,11/20/2024,6,,1,205,205
700758-e02902dd,67-20240,11/13/2024,6,,1,85,85
5261110-267b79fe,668-20240,11/7/2024,6,,1,205,191
6634509-8c7ab6d8,680-20240,11/12/2024,6,,1,125,125
6691164-5f5193c3,704-20240,11/13/2024,6,,1,170,170
6695376-fbca54b2,597-20240,11/13/2024,6,,1,155,155
6860672-f8cb435d,594-20240,11/15/2024,6,,1,160,160
6618271-2f5c0e0b,700-20240,11/12/2024,6,,1,174,174
45785-f8d0bd67,7-20240,11/8/2024,6,,1,150,143
6610996-bd44a017,595-20240,11/12/2024,6,,1,165,165
6761784-a10350e9,582-20240,11/14/2024,6,,1,140,140
6690449-dc2d0d0d,577-20240,11/13/2024,6,,1,160,157
6701583-806e2f2d,571-20240,11/13/2024,6,,1,250,250
6792095-5f9fea7f,637-20240,11/14/2024,6,,1,170,170
778787-c4eeaaf1,63-20240,11/14/2024,6,,1,110,106
5241880-db87f043,539-20240,11/6/2024,6,,1,225,211
6764878-39dda7cf,527-20240,11/14/2024,6,,1,215,201
5165016-b10553eb,622-20240,11/7/2024,6,,1,80,53
4564388-ab2f56f2,528-20240,10/31/2024,6,,1,180,180
193147-477d6a07,51-20240,12/12/2024,6,,1,120,120
5098067-08bb1c30,503-20240,11/6/2024,6,,1,155,155
7385555-ff569d4b,502-20240,11/21/2024,6,,1,155,155
0099174-6d0d2198,506-20240,12/11/2024,6,,1,215,215
0261241-0c0db46f,600-20240,12/12/2024,6,,1,85,85
7368866-7d6fa24d,499-20240,11/21/2024,6,,1,95,95
6671383-c1be8fb5,487-20240,11/13/2024,6,,1,210,209
5243024-6cdab885,491-20240,11/8/2024,6,,1,125,108
6873149-27d54ad4,461-20240,11/15/2024,6,,1,105,105
6776226-1a3c7b34,525-20240,11/8/2024,6,,1,175,150
5071486-68ea368b,524-20240,11/6/2024,6,,1,125,125
6771233-a27d876f,462-20240,11/14/2024,6,,1,230,212
6876138-de51bc02,453-20240,11/15/2024,6,,1,215,200
0182068-ba610bea,507-20240,12/12/2024,6,,1,120,120
330883-cfe799b7,50-20240,11/20/2024,6,,1,125,125
7306828-846ffc66,478-20240,11/20/2024,6,,1,120,120
5250253-c7f68a3d,480-20240,11/8/2024,6,,1,190,184
1710681-f959e439,448-20240,12/18/2024,6,,1,140,140
6710175-fc68682c,422-20240,11/13/2024,6,,1,70,70
0192098-f2ed717f,460-20240,12/12/2024,6,,1,125,125
6690766-e2c79525,456-20240,11/13/2024,6,,1,270,265
0281737-a417ee93,455-20240,12/13/2024,6,,1,170,170
7300752-fdad5d6c,454-20240,11/20/2024,6,,1,170,170
5191907-8ef9f7a7,382-20240,11/6/2024,6,,1,60,57
5180802-b1988679,293-20240,11/7/2024,6,,1,23,23
5180435-026c1cdd,291-20240,11/7/2024,6,,1,277,277
6786281-3b790149,299-20240,11/14/2024,6,,1,220,220
7301967-c144f916,178-20240,11/20/2024,6,,1,150,150
6850589-45c0d8d1,189-20240,11/15/2024,6,,1,170,170
1882615-003e686c,177-20240,12/20/2024,6,,1,125,125
6791077-cb7159ef,143-20240,11/14/2024,6,,1,110,110
0031625-590f6475,125-20240,12/10/2024,6,,1,145,145
6769621-b8f83484,129-20240,11/14/2024,6,,1,105,99
7308426-c85e66bc,122-20240,11/20/2024,6,,1,165,165
3955063-0d687635,622-20240,10/24/2024,5,,1,80,62
4464005-8d60b6ce,703-20240,10/30/2024,5,,1,140,140
4465060-00e8cb36,607-20240,10/30/2024,5,,1,225,182
7402428-5648563b,600-20240,11/21/2024,5,,1,90,90
4412798-d9c0e32f,702-20240,10/29/2024,5,,1,280,280
4402102-4302506d,699-20240,10/29/2024,5,,1,8,8
4505075-31b9e35c,597-20240,10/30/2024,5,,1,155,155
4504688-f841d30b,595-20240,10/29/2024,5,,1,165,157
48307-9f14445f,8-20240,10/31/2024,5,,1,125,125
5092589-6674c603,688-20240,11/6/2024,5,,1,205,202
6782059-3498c50d,687-20240,11/14/2024,5,,1,140,137
4561559-1bd81633,683-20240,10/31/2024,5,,1,115,91
4484748-a0da46c7,571-20240,10/30/2024,5,,1,250,250
5175063-c7be56d0,637-20240,11/7/2024,5,,1,170,170
3903958-fa094819,613-20240,10/22/2024,5,,1,70,56
4562776-b8881a92,675-20240,10/31/2024,5,,1,110,106
219924-2f87d06d,66-20240,11/19/2024,5,,1,110,110
6760655-c1cfcefc,651-20240,11/13/2024,5,,1,110,102
4479976-95375413,704-20240,10/30/2024,5,,1,155,155
3051178-692d9a4d,539-20240,10/23/2024,5,,1,210,202
7215887-095e9bbb,599-20240,11/19/2024,5,,1,245,245
0211370-05021b16,533-20240,12/12/2024,5,,1,190,190
5180899-1baca442,590-20240,11/7/2024,5,,1,120,114
4401341-a07c0719,700-20240,10/29/2024,5,,1,172,172
5009698-19c69923,698-20240,11/5/2024,5,,1,180,180
5191929-85ccc6f4,522-20240,11/7/2024,5,,1,205,205
6591116-39acb30f,694-20240,11/12/2024,5,,1,170,170
4656991-64f182a6,594-20240,11/1/2024,5,,1,155,150
4657250-7c471a6a,582-20240,10/31/2024,5,,1,140,130
9676351-ce6af8b9,570-20240,12/6/2024,5,,1,250,250
377979-91fdf14d,51-20240,11/21/2024,5,,1,110,110
464710-31099eb4,54-20240,11/22/2024,5,,1,125,125
4549681-e59397c4,527-20240,10/31/2024,5,,1,210,194
8902256-67008219,516-20240,11/27/2024,5,,1,675,675
8896909-40ee7093,508-20240,11/27/2024,5,,1,160,160
8894387-7d81625f,507-20240,11/27/2024,5,,1,120,120
8803771-fde451cc,506-20240,11/26/2024,5,,1,235,235
5179167-c0110d97,502-20240,11/7/2024,5,,1,155,155
5174001-00af45c6,499-20240,11/7/2024,5,,1,95,95
7293156-1fb271cd,616-20240,11/20/2024,5,,1,115,115
4293087-f2911aac,480-20240,10/25/2024,5,,1,190,184
3904230-f083c0b7,538-20240,10/23/2024,5,,1,145,132
4460874-0da5204a,459-20240,10/29/2024,5,,1,135,135
5093529-863291db,454-20240,11/6/2024,5,,1,170,165
1791759-8cbce6f3,512-20240,12/19/2024,5,,1,135,135
4682180-7b7c5237,453-20240,11/1/2024,5,,1,205,205
5072901-e4be2366,497-20240,11/6/2024,5,,1,115,115
5193350-091b4751,469-20240,11/7/2024,5,,1,135,135
5112373-f61d31c7,478-20240,11/6/2024,5,,1,120,112
7277763-88fa6186,463-20240,11/19/2024,5,,1,75,75
0279577-9ae31e19,464-20240,12/13/2024,5,,1,55,55
4657555-1032d468,461-20240,11/1/2024,5,,1,105,100
5094184-c7490c8f,458-20240,11/6/2024,5,,1,165,156
465636-610dc79e,42-20240,11/22/2024,5,,1,180,180
4504172-35eca9c6,382-20240,10/30/2024,5,,1,60,49
7204660-f6090aa9,377-20240,11/19/2024,5,,1,190,190
4577172-79de96ab,299-20240,10/31/2024,5,,1,220,220
4550453-8fd9ffaa,298-20240,10/29/2024,5,,1,21,21
5184283-6a221abf,227-20240,11/7/2024,5,,1,110,106
4378728-ca0c8e92,193-20240,10/29/2024,5,,1,120,120
5094747-97ce97b8,178-20240,11/6/2024,5,,1,160,146
0096241-9218d48d,705-20240,12/11/2024,8,,1,155,155
1715577-25e60e87,628-20240,12/18/2024,8,,1,87,87
0024189-f2cc56fd,623-20240,12/10/2024,8,,1,105,105
0102582-2f65c8c9,618-20240,12/11/2024,8,,1,115,115
1754417-e32ae9f4,597-20240,12/18/2024,8,,1,155,155
1802000-23f40d41,631-20240,12/19/2024,8,,1,75,75
1805468-75077285,656-20240,12/19/2024,8,,1,159,159
1714159-e786f0d1,596-20240,12/18/2024,8,,1,105,105
1713620-9555b7a8,614-20240,12/17/2024,8,,1,180,180
1800331-8c4dc461,683-20240,12/19/2024,8,,1,110,110
1639472-c41c4dd9,595-20240,12/17/2024,8,,1,155,155
0193165-6cb8229a,539-20240,12/11/2024,8,,1,230,230
0181502-f0bdcd3a,492-20240,12/12/2024,8,,1,145,145
0029262-4c2888ee,525-20240,12/10/2024,8,,1,160,160
1710065-0502f0b9,459-20240,12/17/2024,8,,1,140,140
1612279-f25b069a,431-20240,12/17/2024,8,,1,60,60
9492751-c2e3b763,479-20240,12/4/2024,8,,1,185,185
0181987-ff51a6be,493-20240,12/12/2024,8,,1,240,240
0009667-2f1587ad,491-20240,12/10/2024,8,,1,120,120
1694746-6f59744e,487-20240,12/18/2024,8,,1,210,210
1797525-6fce35ab,462-20240,12/19/2024,8,,1,230,230
1787008-850bdf2c,441-20240,12/19/2024,8,,1,170,170
1714359-59d81df8,456-20240,12/18/2024,8,,1,265,265
1915226-2ce54d14,453-20240,12/20/2024,8,,1,195,195
9599539-e72f2923,293-20240,12/5/2024,8,,1,23,23
9600574-0fd1c4b9,291-20240,12/5/2024,8,,1,277,277
0035069-3b31e012,700-20240,12/10/2024,7,,1,175,175
7285453-db5cf26a,648-20240,11/20/2024,4,,1,135,135
0269073-8a0c39ae,627-20240,12/12/2024,7,,1,70,70
0215669-e56cb425,627-20240,10/3/2024,4,,1,70,70
6856584-500f8428,620-20240,11/15/2024,3,,1,90,90
7182731-f6d0430b,613-20240,9/10/2024,2,,1,55,44
5053035-32d0a5fa,613-20240,8/27/2024,1,,1,30,24
0095485-ce90278a,607-20240,12/11/2024,7,,1,205,205
0108029-14add0c1,688-20240,12/11/2024,7,,1,205,205
0274146-27680713,604-20240,12/13/2024,4,,1,150,150
705255-7bb0a68d,93-20240,11/13/2024,7,,1,110,103
0199808-2be1e906,710-20240,12/12/2024,4,,1,215,215
0049836-41ebfb85,702-20240,12/10/2024,7,,1,300,300
9432213-6c41926b,698-20240,12/3/2024,7,,1,180,180
933161-fc4a7083,81-20240,11/22/2024,2,,1,110,110
9585099-3a1d0985,656-20240,12/5/2024,7,,1,140,140
0167873-a0ca5845,584-20240,10/3/2024,2,,1,300,277
0109770-9d4c0fa4,686-20240,12/11/2024,7,,1,160,160
0095208-60ca06ec,630-20240,12/11/2024,7,,1,120,120
6701195-f8e56bfd,624-20240,11/13/2024,3,,1,120,120
7221655-8e4dac28,623-20240,11/19/2024,7,,1,105,105
1657365-1bccc2ec,613-20240,10/8/2024,4,,1,70,31
6678876-dd012824,711-20240,11/13/2024,1,,1,60,60
9705366-64f1b060,709-20240,12/6/2024,3,,1,70,70
6868276-14736b3c,604-20240,11/15/2024,3,,1,150,147
4656421-04e9ccaa,637-20240,10/31/2024,4,,1,170,170
621996-8b8feda2,63-20240,12/5/2024,7,,1,110,110
6678775-4dcf2651,708-20240,11/12/2024,3,,1,155,155
4380718-26d1e2a5,620-20240,10/29/2024,2,,1,90,90
650580-d5b41326,54-20240,12/17/2024,7,,1,140,140
9470561-8f340d2c,539-20240,9/25/2024,3,,1,225,202
5047418-d1080a87,538-20240,8/28/2024,1,,1,85,72
0034590-6eb42366,699-20240,12/10/2024,7,,1,5,5
5058463-c75be0a3,524-20240,8/28/2024,1,,1,120,95
9624201-8cd32152,613-20240,9/24/2024,3,,1,70,50
5109157-09acc433,679-20240,11/6/2024,4,,1,120,102
3955881-18b236e4,587-20240,10/23/2024,4,,1,190,177
8928771-76a3efba,586-20240,9/19/2024,1,,1,240,237
8951122-180865d4,584-20240,9/19/2024,1,,1,290,288
7279363-c1f35d6c,581-20240,11/20/2024,7,,1,145,145
7161681-64781aa6,664-20240,9/10/2024,1,,1,131,131
0227845-7a378b5e,573-20240,12/12/2024,7,,1,110,110
4556166-2b04d038,516-20240,10/31/2024,3,,1,650,650
9410919-155912aa,632-20240,12/3/2024,7,,1,135,135
9594974-249fbdff,631-20240,12/5/2024,7,,1,120,120
7410218-a85137e0,628-20240,11/20/2024,7,,1,110,110
2305681-cc640e53,538-20240,10/16/2024,4,,1,145,126
7362300-717a8424,539-20240,11/20/2024,7,,1,235,235
0185752-570a962b,527-20240,12/12/2024,7,,1,210,210
0278983-a17744ea,620-20240,12/13/2024,4,,1,120,120
6675540-75f7e4a3,517-20240,11/13/2024,4,,1,90,77
4463769-bc3b9ee6,517-20240,10/30/2024,3,,1,90,90
6597108-019dd51c,617-20240,11/12/2024,7,,1,135,135
0268431-085724aa,511-20240,12/13/2024,3,,1,160,160
4462568-f2cdbf03,506-20240,10/30/2024,3,,1,225,225
9629933-04ce2579,500-20240,9/27/2024,3,,1,90,87
5179999-20cd3546,600-20240,11/7/2024,4,,1,95,95
7360996-7feafb70,492-20240,11/21/2024,7,,1,150,150
0208693-b8f5a247,571-20240,12/11/2024,7,,1,280,280
8803022-665f0ea2,480-20240,11/22/2024,7,,1,180,180
9638568-24282290,538-20240,9/25/2024,3,,1,145,119
7260623-ccf0d0d2,538-20240,9/11/2024,2,,1,135,117
6775919-30989748,528-20240,11/14/2024,7,,1,175,175
0871489-3ef1e39e,453-20240,12/6/2024,7,,1,190,190
7298760-ca35dc2c,503-20240,11/20/2024,7,,1,150,150
7477005-fa77518c,464-20240,11/22/2024,4,,1,60,60
7367562-b1bc0cf5,493-20240,11/21/2024,7,,1,240,240
7193501-7e0b9d1b,491-20240,11/19/2024,7,,1,115,115
8726206-6207fc12,490-20240,11/21/2024,7,,1,135,135
5265328-d85ce145,455-20240,11/8/2024,4,,1,195,195
5082530-a2872753,448-20240,11/6/2024,3,,1,140,138
6684369-f8ccf062,442-20240,11/13/2024,7,,1,96,96
9402557-e13df414,431-20240,12/3/2024,7,,1,65,65
7328332-21032e7f,424-20240,11/20/2024,7,,1,80,80
0115244-c0e898fe,454-20240,12/11/2024,7,,1,160,160
7328117-17ff0e7c,382-20240,11/20/2024,7,,1,60,60
7242657-eb91214d,379-20240,11/19/2024,7,,1,85,85
1699739-1dedfcfb,385-20240,12/18/2024,7,,1,210,210
7242300-6725625b,380-20240,11/19/2024,7,,1,70,70
0048449-9dc7d74e,298-20240,12/10/2024,7,,1,25,25
7386553-8337ec88,293-20240,11/21/2024,7,,1,23,23
7386805-ff1866de,291-20240,11/21/2024,7,,1,277,277
6904622-9a7243fb,177-20240,11/15/2024,4,,1,125,110
9600137-0e6b4fe3,129-20240,12/5/2024,7,,1,115,115
7242365-c7f6c97b,119-20240,11/19/2024,4,,1,110,110
6814756-58b45c72,123-20240,11/14/2024,7,,1,220,220
4468802-97608d1a,576-20240,10/30/2024,6,,2,65,64
1640295-abdcfc4e,485-20240,12/17/2024,9,,2,135,135
6619483-f88a925c,485-20240,11/12/2024,7,,2,140,132
4402721-f2639742,485-20240,10/29/2024,6,,2,140,140
490789-6cdb25c3,93-20240,10/30/2024,6,,1,115,105
5250605-390380c0,693-20240,11/8/2024,3,,1,80,75
5199791-7bb3c4c8,684-20240,11/7/2024,5,,1,140,120
5159384-3dfa6c9e,681-20240,11/6/2024,6,,1,120,120
9588593-10e20aef,528-20240,12/5/2024,8,,1,180,180
1884527-3b4aa90f,693-20240,12/20/2024,6,,1,80,80
6791552-a8b9e620,690-20240,11/14/2024,5,,1,80,70
478053-7255a47d,67-20240,10/30/2024,5,,1,85,85
9574556-385d4605,582-20240,12/5/2024,7,,1,140,140
9532750-843ad8cb,577-20240,12/4/2024,7,,1,150,150
9511359-c0bddbab,597-20240,12/4/2024,7,,1,155,155
0289945-c238a053,594-20240,12/13/2024,7,,1,165,165
5983971-10c9deeb,589-20240,11/5/2024,5,,1,120,120
9491631-5aaf3179,487-20240,12/4/2024,7,,1,210,210
6464884-dcf4c238,464-20240,11/8/2024,3,,1,50,50
8803962-3dc406f9,513-20240,11/26/2024,5,,1,200,200
4471330-dbbe8e22,442-20240,10/30/2024,6,,1,98,98
9422250-f3ca242f,501-20240,12/3/2024,7,,1,110,110
9509911-6a71cacd,442-20240,12/4/2024,8,,1,100,100
254236-5e155e6a,42-20240,11/8/2024,4,,1,180,180
291352-bfc6073a,42-20240,12/13/2024,6,,1,175,175
503201-77a0ea86,41-20240,12/4/2024,7,,1,130,130
7459313-94636345,227-20240,11/21/2024,6,,1,110,110
4636013-f386a8a8,187-20240,11/1/2024,5,,1,105,100
9528426-5181069e,188-20240,12/4/2024,8,,1,185,185
9576763-e78659b3,123-20240,12/5/2024,8,,1,230,230
6638594-2858f992,702-20240,11/12/2024,6,,1,279,279
9674873-b19bc069,693-20240,12/6/2024,5,,1,80,80
7357343-56f0011c,521-20240,11/19/2024,7,,1,268,268
0151757-e863a608,503-20240,12/11/2024,8,,1,155,155
0095782-589c9ebb,581-20240,12/11/2024,8,,1,140,140
0190127-c5795e60,516-20240,12/12/2024,6,,1,675,675
6638100-2bf5ce04,298-20240,11/12/2024,6,,1,21,21
7218816-6cf42efc,297-20240,11/19/2024,6,,1,38,38
9593573-9366eac7,248-20240,12/5/2024,6,,1,200,200
574014-75d31447,67-20240,12/4/2024,7,,1,90,90
0208361-96890669,624-20240,12/12/2024,4,,1,120,120
1884534-520bbdcb,570-20240,12/20/2024,6,,1,250,250
0097400-06687f3a,517-20240,12/11/2024,6,,1,90,90
1739100-f6b2913e,499-20240,10/10/2024,3,,1,100,89
9488014-8a4a7476,486-20240,12/4/2024,7,,1,165,165
5075387-50d93429,424-20240,11/6/2024,5,,1,80,80
9567211-3b37f114,385-20240,12/4/2024,6,,1,200,200
4468247-3f942b0b,422-20240,10/30/2024,5,,1,60,60
0137577-2b35865c,382-20240,12/11/2024,8,,1,60,60
4378991-dbc35e99,380-20240,10/29/2024,5,,1,75,75
0208542-b7b28ce5,299-20240,12/12/2024,7,,1,220,220
7156299-8f0dfe64,623-20240,9/10/2024,2,,1,85,85
5124549-17d6bfc2,610-20240,8/29/2024,1,,1,80,80
5041617-3d498bce,424-20240,8/28/2024,1,,1,50,50
5062303-133dc203,382-20240,8/28/2024,1,,1,40,32
9435860-e64294ca,424-20240,9/25/2024,3,,1,80,80
5123545-836e77b9,227-20240,8/29/2024,1,,1,90,72
6566813-96f3713f,702-20240,9/3/2024,1,,1,160,160
6571805-1600e0cc,699-20240,9/3/2024,1,,1,5,5
9453040-7776cec5,674-20240,9/25/2024,2,,1,125,125
4327881-6d1a0706,631-20240,8/15/2024,1,,1,110,98
6639111-09a79b79,618-20240,9/4/2024,2,,1,100,86
0984071-e4e8f2e1,700-20240,10/1/2024,3,,1,138,138
7316025-8a72a7b4,610-20240,9/12/2024,2,,1,100,100
0983773-b8903da5,699-20240,10/1/2024,3,,1,28,28
5938816-e0eaabac,632-20240,8/27/2024,2,,1,125,113
9453656-5c8e8398,616-20240,9/25/2024,2,,1,100,100
3944731-4c3ec900,610-20240,10/24/2024,4,,1,100,100
9600141-59f0a9ed,610-20240,9/27/2024,0,,1,100,100
3634356-962d982f,630-20240,8/7/2024,1,,1,100,83
6718192-0cdd6821,627-20240,9/5/2024,2,,1,60,40
0060807-eccdb408,702-20240,10/1/2024,3,,1,278,278
6571319-d7cc16d9,700-20240,9/3/2024,1,,1,155,155
0063075-5f397a03,571-20240,10/2/2024,3,,1,240,240
6645472-014b6bce,571-20240,9/4/2024,1,,1,185,185
3890061-709d8f89,628-20240,8/14/2024,1,,1,120,105
4588899-963009fa,627-20240,8/22/2024,1,,1,100,78
5222378-2b20d5f9,583-20240,8/28/2024,1,,1,120,120
4498705-b71cd412,582-20240,8/22/2024,1,,1,110,110
5023601-4c6e9ebe,479-20240,8/28/2024,1,,1,180,149
5963359-0ba00c8d,521-20240,8/27/2024,1,,1,200,200
6590643-cbc6c65b,492-20240,8/29/2024,1,,1,120,120
4599244-85e42ee9,453-20240,8/23/2024,1,,1,150,150
3861453-661e5f79,424-20240,10/23/2024,4,,1,80,80
0078432-9793e53a,422-20240,10/2/2024,3,,1,60,60
7166667-bb73bfe0,380-20240,9/10/2024,2,,1,70,70
5112384-c225c693,430-20240,8/29/2024,1,,1,150,138
7252822-d7e8a6ce,424-20240,9/11/2024,2,,1,80,80
9265544-c687a234,422-20240,9/20/2024,2,,1,60,60
6626448-24f953c9,422-20240,9/4/2024,1,,1,60,60
9360188-cb3fc108,380-20240,9/24/2024,3,,1,70,70
5955510-d8ece02f,380-20240,8/27/2024,1,,1,60,60
6735814-29a95e3a,299-20240,9/5/2024,1,,1,200,200
0060456-63165035,298-20240,10/1/2024,3,,1,22,22
0153110-8cd1d809,299-20240,10/3/2024,3,,1,220,220
6567341-52f7f1d1,298-20240,9/3/2024,1,,1,21,21
6797717-6f0274f6,193-20240,9/6/2024,1,,1,120,120
0962974-3bdbe759,193-20240,10/1/2024,3,,1,120,120
8769975-7ef4f6c5,193-20240,9/17/2024,2,,1,120,120
8920700-825b71fa,143-20240,9/19/2024,2,,1,100,100
0219454-49d995e9,143-20240,10/4/2024,3,,1,100,100
6729328-2cc9d572,143-20240,9/5/2024,1,,1,80,80
2370594-4692297c,690-20240,10/17/2024,3,,1,100,87
2347915-fb64fc2b,516-20240,10/17/2024,2,,1,650,650
637078-794c94e1,67-20240,9/4/2024,1,,1,75,71
8842130-306c9d0e,651-20240,9/18/2024,1,,1,100,93
5929795-773df8c2,589-20240,8/27/2024,1,,1,110,102
5953379-a17cef36,623-20240,8/27/2024,1,,1,75,75
6715920-4391632f,597-20240,9/4/2024,1,,1,125,100
0975593-f505e587,691-20240,10/1/2024,2,,1,110,110
6636488-08ddf756,596-20240,9/4/2024,1,,1,90,70
9348885-813a3911,589-20240,9/24/2024,2,,1,110,110
7160634-95d309bb,578-20240,9/10/2024,2,,1,90,78
0059378-fd0fe65e,651-20240,10/2/2024,2,,1,100,77
5956274-e580763c,525-20240,8/27/2024,1,,1,130,118
9453369-0aa7233e,503-20240,9/25/2024,3,,1,140,140
7230444-e2e86016,503-20240,9/11/2024,2,,1,150,149
6559037-f9c577e1,598-20240,9/3/2024,1,,1,180,172
7325808-5b9b73ee,590-20240,9/12/2024,2,,1,135,135
5118601-009a028c,590-20240,8/29/2024,1,,1,125,125
9523146-0e60d4f3,478-20240,9/25/2024,2,,1,130,115
9447135-ab4b5db3,471-20240,9/25/2024,2,,1,120,120
9534618-15c390c3,469-20240,9/26/2024,2,,1,130,130
6573325-5df78c01,459-20240,9/3/2024,1,,1,130,116
9480905-932353db,382-20240,9/25/2024,3,,1,60,56
6735600-e7d81008,485-20240,9/5/2024,2,,2,110,110
6630817-05d2da35,704-20240,9/4/2024,1,,1,150,150
7251068-eb8428ad,681-20240,9/11/2024,2,,1,130,130
545750-7d2c295a,94-20240,8/30/2024,1,,1,90,90
7329976-77de8d6e,684-20240,9/12/2024,1,,1,170,135
0974584-5c67d668,706-20240,10/1/2024,2,,1,100,86
943482-889e92b9,66-20240,8/27/2024,1,,1,90,86
6550251-e107c141,614-20240,9/3/2024,1,,1,165,160
042721-12180dcb,50-20240,8/28/2024,1,,1,125,119
8867342-fa1dd653,474-20240,9/18/2024,1,,1,130,128
6639681-d00b836d,456-20240,9/4/2024,1,,1,250,250
7251709-81ab686f,458-20240,9/11/2024,1,,1,150,150
6808645-d7d14968,453-20240,9/6/2024,2,,1,190,190
7249993-16fd674c,454-20240,9/11/2024,1,,1,190,173
9444240-bd9db7fa,458-20240,9/25/2024,2,,1,150,150
8949464-1d847f0e,299-20240,9/19/2024,2,,1,200,200
5133244-b7fdd81d,288-20240,8/29/2024,1,,1,50,50
7259548-d8418e5f,178-20240,9/11/2024,2,,1,160,160
6735505-95de2ec0,129-20240,9/5/2024,2,,1,100,100
7185652-a12115a3,119-20240,9/10/2024,1,,1,90,90
8837565-c9c60ff6,704-20240,9/18/2024,2,,1,190,190
7316221-b20ef03e,697-20240,9/12/2024,2,,1,120,120
3954217-07218d6c,692-20240,10/24/2024,2,,1,125,125
0143606-704524c7,690-20240,10/3/2024,2,,1,100,80
9368673-a105dc42,682-20240,9/24/2024,2,,1,160,141
8756490-fdb81f3e,665-20240,9/17/2024,2,,1,55,48
628675-2c6f59f7,93-20240,9/4/2024,2,,1,120,100
3859622-9adb67db,648-20240,10/23/2024,2,,1,135,135
3857963-fed260c4,647-20240,10/23/2024,2,,1,100,100
5034147-2144d032,628-20240,8/28/2024,2,,1,102,102
1675795-f96ab058,624-20240,10/9/2024,2,,1,120,120
7229601-24070366,705-20240,9/11/2024,2,,1,140,130
8777244-18b4f58e,699-20240,9/17/2024,2,,1,3,3
7166193-275ba1de,698-20240,9/10/2024,2,,1,180,180
9464021-569eca36,686-20240,9/25/2024,2,,1,165,145
6707733-d63d6323,703-20240,9/4/2024,2,,1,120,120
8776971-47a515f7,700-20240,9/17/2024,2,,1,157,157
8018661-8ad93438,594-20240,9/20/2024,2,,1,140,137
35770-b446a54d,8-20240,9/19/2024,2,,1,120,109
3042419-7a5d45c9,693-20240,10/25/2024,2,,1,90,77
8872645-ab7f50c8,670-20240,9/18/2024,2,,1,160,139
7324863-be92ae1c,668-20240,9/12/2024,2,,1,190,163
7226808-b2c09e3f,581-20240,9/11/2024,2,,1,120,117
8932926-dc443cd5,683-20240,9/19/2024,2,,1,160,106
7164239-fddd7935,543-20240,9/10/2024,2,,1,40,40
8954677-a44d0e1c,637-20240,9/19/2024,2,,1,175,163
8829059-815d7170,680-20240,9/17/2024,2,,1,105,105
4343260-5b9ee8b6,626-20240,8/20/2024,2,,1,102,102
3903419-72a70ccb,625-20240,10/23/2024,2,,1,120,120
8933113-7965f94c,666-20240,9/17/2024,2,,1,160,145
9365563-5b1bb251,664-20240,9/24/2024,2,,1,155,146
4413712-90576b6f,630-20240,8/21/2024,2,,1,100,100
5034426-56d769ad,629-20240,8/27/2024,2,,1,100,100
9547692-b9e96cb6,600-20240,9/26/2024,2,,1,110,89
9374075-a7844a62,599-20240,9/24/2024,2,,1,245,245
9547913-9c26fd6a,533-20240,9/26/2024,2,,1,200,187
0051468-e9be1652,701-20240,10/2/2024,2,,1,50,49
58879-7e719a18,7-20240,9/10/2024,2,,1,120,120
6538008-f691bc31,526-20240,9/3/2024,2,,1,165,165
9567766-7b7da78f,523-20240,9/26/2024,2,,1,4,4
7177369-8ceba804,521-20240,9/10/2024,2,,1,218,218
2257581-df06257d,517-20240,10/16/2024,2,,1,90,90
7404467-71a07e4e,583-20240,9/11/2024,2,,1,150,150
9464993-ed83572a,688-20240,9/25/2024,2,,1,200,170
8943216-fbacfad0,687-20240,9/19/2024,2,,1,140,127
9536546-28ff28fc,684-20240,9/26/2024,2,,1,130,117
8762360-dc505374,598-20240,9/17/2024,2,,1,200,196
8849769-bfce500f,596-20240,9/18/2024,2,,1,90,80
0137141-ac124077,585-20240,10/3/2024,2,,1,160,160
8020687-e114b03a,669-20240,9/18/2024,2,,1,85,74
9625251-088ccc2d,667-20240,9/26/2024,2,,1,225,186
0990304-1457b48d,655-20240,10/1/2024,2,,1,185,185
3947608-c4c06963,512-20240,10/24/2024,2,,1,125,125
6556598-e5107192,631-20240,8/29/2024,2,,1,90,90
3037512-72c24dac,570-20240,10/25/2024,2,,1,225,225
967044-04a5e1b4,54-20240,10/1/2024,2,,1,125,125
7322950-89d2f4da,539-20240,9/11/2024,2,,1,200,191
5117056-5e8b1774,622-20240,8/29/2024,2,,1,100,49
7159336-ded94c67,525-20240,9/10/2024,2,,1,140,136
7229498-7c4cee55,524-20240,9/11/2024,2,,1,120,120
8927493-62193b40,527-20240,9/19/2024,2,,1,210,207
326111-6afd5f6e,51-20240,9/12/2024,2,,1,120,120
2345123-f1b02a23,508-20240,10/17/2024,2,,1,140,140
2339732-d31ab559,507-20240,10/17/2024,2,,1,120,120
2252027-86a5c365,506-20240,10/16/2024,2,,1,200,200
8760310-5521a888,614-20240,9/17/2024,2,,1,165,165
7422658-ab078f58,500-20240,9/13/2024,2,,1,75,75
8919912-f7718d47,597-20240,9/18/2024,2,,1,140,135
8768777-a3a14e64,595-20240,9/17/2024,2,,1,160,160
7325398-95c4b592,587-20240,9/11/2024,2,,1,150,133
6711795-6c2b87e3,582-20240,9/5/2024,2,,1,150,150
7314461-a96de71f,493-20240,9/12/2024,2,,1,150,150
8853966-33b6d20b,571-20240,9/18/2024,2,,1,220,220
7317437-4418255e,490-20240,9/12/2024,2,,1,120,120
9372023-cb3588f5,463-20240,9/24/2024,2,,1,85,75
8086573-c72f8f91,461-20240,9/20/2024,2,,1,100,100
0888610-11ba40ad,522-20240,9/26/2024,2,,1,146,146
7144139-f88ef020,468-20240,9/10/2024,2,,1,100,97
3043164-fb57d9a8,464-20240,10/25/2024,2,,1,30,30
8940885-b81c088d,462-20240,9/19/2024,2,,1,205,205
9540140-a3ad65a4,460-20240,9/26/2024,2,,1,120,120
8827294-80dbc2d3,459-20240,9/17/2024,2,,1,120,120
8847084-0b9c979c,456-20240,9/18/2024,2,,1,260,260
9631054-5977164f,455-20240,9/27/2024,2,,1,220,170
9485131-071243a8,454-20240,9/25/2024,2,,1,180,162
8760272-ba12b6e9,431-20240,9/17/2024,2,,1,75,73
7226869-736d3921,497-20240,9/11/2024,2,,1,120,110
7322189-9a220ad5,492-20240,9/12/2024,2,,1,150,150
7146324-23f86ee5,491-20240,9/10/2024,2,,1,110,110
846733-3a1803da,41-20240,9/18/2024,2,,1,130,130
6632923-6af633e2,442-20240,9/4/2024,2,,1,100,93
624894-6c0b108a,42-20240,9/27/2024,2,,1,180,180
6724322-1ba58a4f,441-20240,9/5/2024,2,,1,110,110
7256129-8f75a85d,382-20240,9/11/2024,2,,1,60,52
7185193-5f3f8b25,379-20240,9/10/2024,2,,1,80,68
8780383-f079bda2,298-20240,9/17/2024,2,,1,21,21
7334561-63097c90,293-20240,9/12/2024,2,,1,27,27
7335329-1132135b,291-20240,9/12/2024,2,,1,213,213
9378074-b6a58c6b,297-20240,9/24/2024,2,,1,17,17
7360377-952afadf,288-20240,9/12/2024,2,,1,70,70
0158020-c615120e,248-20240,10/3/2024,2,,1,250,201
7339477-c3c50016,227-20240,9/12/2024,2,,1,90,78
8021762-daae8ab8,189-20240,9/20/2024,2,,1,175,175
2438645-122ad218,177-20240,10/18/2024,2,,1,140,114
8770991-6076fc9e,171-20240,9/17/2024,2,,1,170,170
369572-f38d2a58,14-20240,9/24/2024,2,,1,215,209
6740173-aeed8639,123-20240,9/5/2024,2,,1,185,185
9431163-6aa9b8f9,119-20240,9/24/2024,2,,1,110,106
239271-2725b3fe,94-20240,10/4/2024,3,,1,120,115
862354-57fd9efd,93-20240,9/18/2024,3,,1,115,100
11135-7f8b0446,8-20240,9/27/2024,3,,1,120,118
9451428-e20548ad,694-20240,9/17/2024,3,,1,160,152
3877531-509866fe,679-20240,10/23/2024,3,,1,140,112
3970611-02fe02b1,665-20240,10/15/2024,3,,1,15,15
8663440-6dd6aa73,631-20240,9/12/2024,3,,1,110,99
950117-fb549d24,63-20240,9/19/2024,3,,1,110,110
7252886-06d20fc8,629-20240,9/10/2024,3,,1,88,78
2185751-82fc1ce4,706-20240,10/15/2024,3,,1,100,91
2297363-595ac4e0,701-20240,10/16/2024,3,,1,70,67
2193474-915684fb,691-20240,10/15/2024,3,,1,115,102
1660300-87e8de09,686-20240,10/9/2024,3,,1,165,156
0140369-92f636e2,683-20240,10/3/2024,3,,1,125,110
9437390-addfc78f,705-20240,9/25/2024,3,,1,170,162
8833318-dd79f761,703-20240,9/18/2024,3,,1,135,128
0056220-75d6d42b,596-20240,10/2/2024,3,,1,90,90
0225914-b437609b,594-20240,10/4/2024,3,,1,150,144
3970208-302d7c27,670-20240,10/16/2024,3,,1,40,40
3970753-093a2ccb,666-20240,10/15/2024,3,,1,30,30
1570246-47047912,664-20240,10/8/2024,3,,1,175,166
2183599-0ddec885,582-20240,9/19/2024,3,,1,145,130
1682494-ec882cbd,688-20240,10/9/2024,3,,1,200,200
1749791-a0158ed0,684-20240,10/10/2024,3,,1,130,130
1577357-2ddf59d4,682-20240,10/8/2024,3,,1,155,141
1754648-d79ebba0,573-20240,10/10/2024,3,,1,120,112
0996137-ff7e53ff,680-20240,10/1/2024,3,,1,120,116
5123911-eeed98e3,626-20240,9/3/2024,3,,1,90,90
0983566-8d6b60e8,614-20240,10/1/2024,3,,1,175,175
2355794-cb8269e4,610-20240,10/17/2024,3,,1,100,100
9611256-867adc04,668-20240,9/26/2024,3,,1,200,192
577634-76b61b69,66-20240,10/8/2024,3,,1,81,81
2184910-5de0c016,655-20240,10/15/2024,3,,1,185,185
6626819-32b154ed,630-20240,9/4/2024,3,,1,80,80
7243466-6216d25c,628-20240,9/11/2024,3,,1,99,99
0052240-76608221,704-20240,10/2/2024,3,,1,180,180
9378409-7918a7a8,698-20240,9/24/2024,3,,1,160,160
0150421-58e60f7f,527-20240,10/3/2024,3,,1,220,212
9369667-96cad557,525-20240,9/24/2024,3,,1,170,170
1560169-f609e9b5,589-20240,10/8/2024,3,,1,120,120
0214533-45fe0d2f,687-20240,10/3/2024,3,,1,130,110
1584356-5a8daf9c,599-20240,10/8/2024,3,,1,245,235
094775-dfee654c,67-20240,10/2/2024,3,,1,80,80
9487803-95ec7945,587-20240,9/25/2024,3,,1,175,157
9437609-8f1d16af,583-20240,9/25/2024,3,,1,180,180
3969960-0a3d289b,669-20240,10/16/2024,3,,1,15,15
8753078-dc99f7ad,580-20240,9/17/2024,3,,1,150,150
0141870-5d6f0bf0,656-20240,10/3/2024,3,,1,140,135
0158374-97f7d33b,637-20240,10/3/2024,3,,1,170,165
8940608-2a87dce1,627-20240,9/19/2024,3,,1,66,50
9378416-72d9f0a3,623-20240,9/24/2024,3,,1,90,0
7345309-cd98cf0f,622-20240,9/12/2024,3,,1,80,38
1823179-ad6c2b19,522-20240,10/10/2024,3,,1,180,180
9379261-3ec11d0e,521-20240,9/24/2024,3,,1,220,220
968073-2d92be06,51-20240,10/24/2024,3,,1,120,120
441262-d43d59c9,50-20240,9/25/2024,3,,1,135,135
3024059-eff76cf5,600-20240,10/24/2024,3,,1,100,90
0062743-05c5ada3,597-20240,10/2/2024,3,,1,155,136
0978531-b2d56e59,595-20240,10/1/2024,3,,1,160,160
1765625-62ecdfd6,590-20240,10/10/2024,3,,1,155,143
9527509-522f5c3f,492-20240,9/26/2024,3,,1,180,180
9553758-fd1f259e,490-20240,9/26/2024,3,,1,130,123
2351757-3725d6b2,585-20240,10/17/2024,3,,1,160,160
9436681-5bba7fa9,581-20240,9/25/2024,3,,1,130,119
9353938-4e42f25b,491-20240,9/24/2024,3,,1,150,150
8833689-40fd188d,486-20240,9/18/2024,3,,1,170,170
3968805-9772ae7d,460-20240,10/24/2024,3,,1,130,122
0979000-c73d220a,459-20240,10/1/2024,3,,1,125,125
3051169-465e5d74,455-20240,10/25/2024,3,,1,210,210
1576606-c8241865,470-20240,10/8/2024,3,,1,80,76
3967087-529553cb,533-20240,10/24/2024,3,,1,196,187
8748972-c2074765,526-20240,9/17/2024,3,,1,170,168
9437613-bc3ff6f7,524-20240,9/25/2024,3,,1,160,160
1746199-6a29ad2e,469-20240,10/10/2024,3,,1,135,130
9364972-94945e1a,468-20240,9/24/2024,3,,1,110,91
1585598-bd36a9a8,463-20240,10/8/2024,3,,1,75,69
1672047-a00aff74,458-20240,10/9/2024,3,,1,160,157
9524297-ed723461,430-20240,9/26/2024,3,,1,140,124
1669665-6f3b6595,471-20240,10/9/2024,3,,1,160,149
9436100-2c45e22d,497-20240,9/25/2024,3,,1,115,105
0129159-733e28a2,462-20240,10/3/2024,3,,1,205,205
1440073-d89fbfb3,461-20240,10/4/2024,3,,1,100,93
2293189-8891897d,474-20240,10/16/2024,3,,1,130,130
8044311-695bb01d,453-20240,9/20/2024,3,,1,215,215
8844742-5b23e7c3,442-20240,9/18/2024,3,,1,100,94
8949920-c50f76c6,441-20240,9/19/2024,3,,1,130,130
055950-ed4dd301,41-20240,10/2/2024,3,,1,125,117
0052628-ccd24522,456-20240,10/2/2024,3,,1,265,262
1663428-ec5cb397,454-20240,10/9/2024,3,,1,175,145
2288310-2274131b,385-20240,10/16/2024,3,,1,200,183
9381674-915d0927,379-20240,9/24/2024,3,,1,80,77
3798038-0c75a654,377-20240,10/22/2024,3,,1,200,179
9547582-46c85b1b,293-20240,9/26/2024,3,,1,20,20
2279939-ace04679,288-20240,10/16/2024,3,,1,60,60
1589484-ddcca74e,297-20240,10/8/2024,3,,1,10,10
9546773-a514a039,291-20240,9/26/2024,3,,1,240,240
2386803-9c426345,248-20240,10/17/2024,3,,1,210,191
1734670-4aa32381,227-20240,10/10/2024,3,,1,100,100
0237676-9bb5b6b8,189-20240,10/4/2024,3,,1,180,180
0980793-b448f058,171-20240,10/1/2024,3,,1,205,195
8005671-d1a2eb2d,123-20240,9/19/2024,3,,1,218,218
575019-2397a97a,14-20240,10/8/2024,3,,1,215,215
3792387-75794b91,119-20240,10/22/2024,3,,1,100,96
8942151-3d721829,129-20240,9/19/2024,3,,1,115,115
0980096-76be23bf,485-20240,10/1/2024,3,,2,125,120
38549-bb83ec26,8-20240,10/17/2024,4,,1,125,125
2185145-e959532a,705-20240,10/9/2024,4,,1,170,142
0044176-92cf6477,703-20240,10/2/2024,4,,1,140,140
2193587-374324cb,700-20240,10/15/2024,4,,1,145,145
3872659-812756b2,686-20240,10/23/2024,4,,1,160,160
3957874-ee856983,684-20240,10/24/2024,4,,1,130,130
2388584-c569e483,656-20240,10/17/2024,4,,1,135,131
355708-e6b5348c,63-20240,10/17/2024,4,,1,110,108
9533440-14925647,622-20240,9/26/2024,4,,1,80,58
2194574-69fb1dce,702-20240,10/15/2024,4,,1,278,278
1589032-0aabbecd,521-20240,10/8/2024,4,,1,270,270
64732-89234d84,7-20240,10/8/2024,4,,1,150,150
0977290-54de0133,696-20240,10/1/2024,4,,1,200,195
2338891-4b79dca5,695-20240,10/17/2024,4,,1,120,120
2192008-1a028527,614-20240,10/15/2024,4,,1,180,180
0972740-6b51da53,694-20240,10/1/2024,4,,1,180,180
2363087-75ad12b0,687-20240,10/17/2024,4,,1,120,120
049465-dda16320,93-20240,10/2/2024,4,,1,115,113
2193364-8e1d4c6b,699-20240,10/15/2024,4,,1,35,35
0050785-c026c1d0,576-20240,10/2/2024,4,,1,70,70
2359406-160532cf,683-20240,10/17/2024,4,,1,125,101
2166424-685bb194,680-20240,10/15/2024,4,,1,120,118
0215953-da81b1fa,630-20240,10/2/2024,4,,1,120,120
0210375-31dd5291,626-20240,10/1/2024,4,,1,100,68
854202-974180a2,66-20240,10/22/2024,4,,1,85,85
9358724-ab383484,632-20240,9/24/2024,4,,1,125,104
1748770-5f98d3ed,631-20240,10/10/2024,4,,1,130,98
1665557-55a50a42,629-20240,10/8/2024,4,,1,108,101
2272434-79df7e90,704-20240,10/16/2024,4,,1,170,170
2180293-afc051c7,598-20240,10/15/2024,4,,1,220,207
2363387-37a5090d,597-20240,10/16/2024,4,,1,155,138
2188180-b613b24b,595-20240,10/15/2024,4,,1,165,165
3985309-51f2ab25,523-20240,10/24/2024,4,,1,4,4
1648869-ae9c2e37,583-20240,10/9/2024,4,,1,200,200
3793552-09e813df,599-20240,10/22/2024,4,,1,245,240
0131761-2041604f,582-20240,10/3/2024,4,,1,145,145
1646758-1c107045,581-20240,10/9/2024,4,,1,130,130
1475233-9c689062,580-20240,10/7/2024,4,,1,170,170
2263257-695298c1,577-20240,10/16/2024,4,,1,150,150
2277179-4a57c635,571-20240,10/16/2024,4,,1,250,250
1667893-6400153f,628-20240,10/9/2024,4,,1,108,67
1579829-0b48f5e1,543-20240,10/8/2024,4,,1,50,47
0149213-6ea03b40,528-20240,10/3/2024,4,,1,180,180
2345636-d87d5a1a,527-20240,10/17/2024,4,,1,220,206
1568913-ac7c9d99,623-20240,10/8/2024,4,,1,95,95
0130553-afac2d1d,526-20240,10/3/2024,4,,1,175,175
1647949-65e5f0f0,503-20240,10/9/2024,4,,1,150,150
2258548-20679bbb,607-20240,10/16/2024,4,,1,215,215
2436786-fdd35d9e,594-20240,10/18/2024,4,,1,150,143
3954634-a9fbb227,590-20240,10/24/2024,4,,1,140,130
1644350-bba25b21,497-20240,10/9/2024,4,,1,115,105
1824244-58a9b019,480-20240,10/11/2024,4,,1,185,175
3865228-701dcc34,490-20240,10/18/2024,4,,1,130,130
2277415-6266ad85,456-20240,10/16/2024,4,,1,270,260
3867243-119346fd,471-20240,10/23/2024,4,,1,150,147
1583689-3adaa095,525-20240,10/8/2024,4,,1,180,180
1649770-44fe426d,524-20240,10/9/2024,4,,1,120,120
3984408-5ed22604,522-20240,10/24/2024,4,,1,176,176
592577-bb19cc72,52-20240,10/8/2024,4,,1,130,125
2181376-9404fd06,468-20240,10/8/2024,4,,1,110,94
3872621-819b8ba0,458-20240,10/23/2024,4,,1,165,165
1650213-a1f15a54,479-20240,10/9/2024,4,,1,180,162
3902985-6098537e,478-20240,10/23/2024,4,,1,120,112
2260481-c60b2a10,422-20240,10/16/2024,4,,1,60,60
2429202-bf607c43,492-20240,10/18/2024,4,,1,155,155
1562641-c2205fff,491-20240,10/8/2024,4,,1,130,130
0044007-777a21c8,487-20240,10/2/2024,4,,1,210,200
3795516-9a2aa455,463-20240,10/22/2024,4,,1,75,75
3683444-ad8b938f,461-20240,10/18/2024,4,,1,100,100
3937116-0e9b6cc2,454-20240,10/23/2024,4,,1,170,166
0053203-66deab26,442-20240,10/2/2024,4,,1,100,94
3801089-c3c99fc8,470-20240,10/22/2024,4,,1,100,95
2350441-0b547b10,462-20240,10/17/2024,4,,1,220,220
1735352-0b2a43c3,430-20240,10/10/2024,4,,1,130,100
2200318-9c901751,459-20240,10/15/2024,4,,1,125,125
2453096-4f7b8747,453-20240,10/18/2024,4,,1,215,215
2178828-684db00d,431-20240,10/15/2024,4,,1,70,56
3891091-46605fc9,382-20240,10/23/2024,4,,1,60,48
3781606-1ae21d7e,380-20240,10/22/2024,4,,1,70,70
336733-607e10fa,41-20240,10/16/2024,4,,1,125,125
2167512-b1b0ba94,379-20240,10/15/2024,4,,1,80,80
2195320-0fa1f6c0,298-20240,10/15/2024,4,,1,22,22
2366139-177fc163,299-20240,10/17/2024,4,,1,220,220
1757523-3ffd9d43,293-20240,10/10/2024,4,,1,23,23
1757985-1dc04abc,291-20240,10/10/2024,4,,1,267,267
3977243-c4cc1f0e,288-20240,10/24/2024,4,,1,60,60
2448360-64ca2153,189-20240,10/18/2024,4,,1,185,185
3953958-cff4fa4f,227-20240,10/24/2024,4,,1,105,105
2167238-844a996d,193-20240,10/15/2024,4,,1,120,120
2190490-21f47f17,171-20240,10/15/2024,4,,1,180,180
2369106-9a2cfb79,143-20240,10/17/2024,4,,1,100,100
2362967-4b9844ab,129-20240,10/17/2024,4,,1,115,115
0168325-2e8e90ce,123-20240,10/3/2024,4,,1,220,220
1673221-b35caf70,485-20240,10/9/2024,4,,2,95,95
26555-455b526b,8-20240,9/5/2024,1,,1,120,120
6660123-214424d8,669-20240,9/4/2024,1,,1,75,65
7503991-55cf761c,667-20240,9/12/2024,1,,1,140,135
6725640-78ae15d3,666-20240,9/5/2024,1,,1,125,116
531103-4c81147e,63-20240,8/22/2024,1,,1,107,107
9466435-584db02e,625-20240,9/25/2024,1,,1,120,120
7253429-1224288b,624-20240,9/11/2024,1,,1,100,100
5958593-65186f54,698-20240,8/27/2024,1,,1,140,140
1829090-043c1fa5,693-20240,10/11/2024,1,,1,70,70
8935093-14810da5,690-20240,9/19/2024,1,,1,80,80
7255260-c9005ab2,688-20240,9/11/2024,1,,1,150,137
7243943-aec6e725,674-20240,9/11/2024,1,,1,125,118
8872358-67481788,701-20240,9/18/2024,1,,1,45,37
6559910-66f33714,595-20240,9/3/2024,1,,1,160,160
1755516-f1956d61,692-20240,10/10/2024,1,,1,175,175
5190034-524be63f,668-20240,8/29/2024,1,,1,135,122
5018134-afffe07b,581-20240,8/28/2024,1,,1,120,92
6721038-8f2c53f3,683-20240,9/5/2024,1,,1,180,137
1648777-44279193,647-20240,10/9/2024,1,,1,100,100
6733853-943c8ac8,637-20240,9/5/2024,1,,1,215,145
2131542-2d875791,626-20240,8/6/2024,1,,1,75,75
2425941-6dec55a0,620-20240,10/18/2024,1,,1,80,80
6670504-07c2768c,670-20240,9/4/2024,1,,1,185,154
7388298-5067f67d,600-20240,9/12/2024,1,,1,110,104
5017909-24a07548,705-20240,8/28/2024,1,,1,120,110
750011-c360e44d,54-20240,9/17/2024,1,,1,110,110
5191480-aa760fc4,539-20240,8/28/2024,1,,1,190,183
4444966-ccbe67d3,618-20240,8/21/2024,1,,1,125,103
7347664-93b34283,523-20240,9/12/2024,1,,1,8,8
7348986-9ef10212,522-20240,9/12/2024,1,,1,135,135
5042121-76dd920b,587-20240,8/28/2024,1,,1,100,89
8933712-9c6407a1,585-20240,9/19/2024,1,,1,130,120
6806592-3c0b6db0,687-20240,9/5/2024,1,,1,150,95
7163577-5a12bcd7,599-20240,9/10/2024,1,,1,230,230
6716572-3ff9c6f7,665-20240,9/5/2024,1,,1,45,37
0963880-54b711c5,513-20240,10/1/2024,1,,1,100,100
3741709-449353d7,629-20240,8/13/2024,1,,1,80,80
7338287-5f74cc24,533-20240,9/12/2024,1,,1,190,190
6716660-21ff9de4,527-20240,9/5/2024,1,,1,214,201
0957921-39ec2532,517-20240,10/1/2024,1,,1,60,60
2431017-fa512346,511-20240,10/18/2024,1,,1,140,140
1738881-eac480bf,512-20240,10/10/2024,1,,1,110,110
0042463-213dc6c9,507-20240,10/2/2024,1,,1,80,80
0957315-68f3ef2e,506-20240,10/1/2024,1,,1,200,200
0053494-b2cfa69c,508-20240,10/2/2024,1,,1,75,74
5018804-22641d1e,503-20240,8/28/2024,1,,1,110,110
2436382-2eed2069,604-20240,10/18/2024,1,,1,150,145
5016888-e07b2ed8,497-20240,8/28/2024,1,,1,104,104
5114743-a439b890,490-20240,8/29/2024,1,,1,120,105
7177675-86149cae,463-20240,9/10/2024,1,,1,70,70
6716671-9cc5a455,462-20240,9/5/2024,1,,1,200,200
6876297-844dae11,461-20240,9/6/2024,1,,1,100,100
1830669-747f89d3,570-20240,10/11/2024,1,,1,125,125
5954964-04104c01,543-20240,8/27/2024,1,,1,30,17
7251886-ba5c0d6a,471-20240,9/11/2024,1,,1,150,150
0049075-c2298088,516-20240,10/2/2024,1,,1,600,600
1739693-c62310e2,515-20240,10/10/2024,1,,1,130,124
4341178-c6c8c74b,431-20240,8/20/2024,1,,1,61,61
4341546-66b7ecb5,501-20240,8/20/2024,1,,1,75,75
7158180-ed57b00d,470-20240,9/10/2024,1,,1,80,80
1657095-327af59b,448-20240,10/9/2024,1,,1,100,95
3983655-e27eb306,412-20240,8/16/2024,1,,1,169,169
4536981-26c9863a,441-20240,8/22/2024,1,,1,115,97
5949643-466ea915,468-20240,8/27/2024,1,,1,100,75
7428953-ec75281a,464-20240,9/13/2024,1,,1,85,28
7323389-949b4069,460-20240,9/12/2024,1,,1,120,112
7423491-d0374c1e,455-20240,9/13/2024,1,,1,200,151
4421763-f86379f6,442-20240,8/21/2024,1,,1,90,90
425697-a49f4f82,42-20240,9/13/2024,1,,1,180,165
5974939-23699b57,379-20240,8/27/2024,1,,1,50,50
5124462-9a4d6752,291-20240,8/29/2024,1,,1,180,180
7176923-78874b27,297-20240,9/10/2024,1,,1,15,15
5125328-825d7125,293-20240,8/29/2024,1,,1,19,19
8971114-b17c60f7,248-20240,9/19/2024,1,,1,175,175
6808112-e6454139,189-20240,9/6/2024,1,,1,185,172
4586476-99a988d7,187-20240,8/23/2024,1,,1,80,77
4330004-7579f174,171-20240,8/20/2024,1,,1,110,110
156822-a8685824,14-20240,9/10/2024,1,,1,160,153
5017464-233ce61a,129-20240,8/22/2024,1,,1,100,92
287938-9a06ae4d,93-20240,10/16/2024,5,,1,120,111
3044150-3fbe3248,668-20240,10/24/2024,5,,1,195,195
2181301-a5fbf192,626-20240,10/15/2024,5,,1,67,56
70253-3d62530f,7-20240,10/22/2024,5,,1,150,150
3858846-ce47b1f3,581-20240,10/23/2024,5,,1,135,135
2257161-db2b589a,630-20240,10/16/2024,5,,1,60,44
3120693-0c7e44a3,631-20240,10/24/2024,5,,1,102,87
3941415-3fb36a1a,628-20240,10/23/2024,5,,1,90,90
3762288-d7cb8cb0,627-20240,10/17/2024,5,,1,70,70
3031683-a205dd7a,583-20240,10/25/2024,5,,1,200,200
3785761-a81c4ded,632-20240,10/22/2024,5,,1,125,121
3802560-fdef13e3,629-20240,10/22/2024,5,,1,80,63
3800702-1fde17cb,623-20240,10/22/2024,5,,1,95,95
3795386-ca1e136f,525-20240,10/22/2024,5,,1,180,180
3852314-21945941,524-20240,10/23/2024,5,,1,125,125
3866703-71927746,521-20240,10/22/2024,5,,1,246,246
3883463-ee6887ec,503-20240,10/23/2024,5,,1,155,155
3944882-78d8ef78,492-20240,10/24/2024,5,,1,155,155
3772880-5a72579e,491-20240,10/22/2024,5,,1,125,125
3951077-a498a00c,490-20240,10/24/2024,5,,1,130,130
2192749-4cfa1245,485-20240,10/15/2024,5,,2,125,125
3790916-27bf96f1,543-20240,10/22/2024,5,,1,55,51
2355334-539f0df4,528-20240,10/17/2024,5,,1,180,170
785278-2a21ca18,52-20240,10/22/2024,5,,1,125,119
3858614-f9ae924e,479-20240,10/23/2024,5,,1,180,178
3945124-cf219eab,493-20240,10/24/2024,5,,1,210,210
3949523-e428b0db,468-20240,10/22/2024,5,,1,105,90
3945171-6d78f685,430-20240,10/24/2024,5,,1,140,80
3796924-d655f1fc,379-20240,10/22/2024,5,,1,80,80
3970231-3a3df623,293-20240,10/24/2024,5,,1,23,23
3976765-8f6db61f,291-20240,10/24/2024,5,,1,277,277
2365748-90c0e7ef,123-20240,10/17/2024,5,,1,223,223
658777-61b63651,94-20240,9/13/2024,2,,1,110,110
947904-9419aeca,89-20240,10/24/2024,4,,1,115,110
734639-51f8b82c,89-20240,10/10/2024,3,,1,110,105
57781-79b433e8,7-20240,9/24/2024,3,,1,140,135
49448-11d3a5dc,7-20240,8/27/2024,1,,1,100,95
5117710-0c5aa08d,697-20240,8/29/2024,1,,1,110,110
9612671-38350415,695-20240,9/27/2024,3,,1,120,120
3888503-ba1e2fca,681-20240,10/23/2024,5,,1,120,117
4346102-761bad48,680-20240,8/20/2024,1,,1,80,77
7261353-ea4480dd,679-20240,9/11/2024,1,,1,120,111
3801950-dee52f9e,677-20240,10/22/2024,3,,1,290,253
9472749-cd737e88,681-20240,9/25/2024,3,,1,130,122
9387209-22938787,677-20240,9/24/2024,2,,1,250,250
8931942-80534802,675-20240,9/19/2024,3,,1,150,131
278236-ba0c5b8e,67-20240,10/16/2024,4,,1,80,80
8932504-98435dc8,656-20240,9/19/2024,2,,1,135,135
6723832-61665318,656-20240,9/5/2024,1,,1,127,127
2279302-7c0ebe11,651-20240,10/16/2024,3,,1,100,100
1663406-6e21a281,648-20240,10/9/2024,1,,1,135,135
441352-70c1a268,89-20240,9/13/2024,2,,1,100,85
8783186-a14a893b,706-20240,9/17/2024,1,,1,100,72
8751840-5d7278f2,696-20240,9/17/2024,3,,1,190,190
7167348-79bd82a8,682-20240,9/10/2024,1,,1,175,129
1685315-656de734,681-20240,10/9/2024,4,,1,120,120
0039218-326d29bf,173-20240,10/1/2024,3,,1,135,128
5054833-3ad48068,681-20240,8/28/2024,1,,1,130,129
2307175-d93c4c35,678-20240,10/16/2024,2,,1,150,125
7175161-e09388bf,677-20240,9/10/2024,1,,1,200,197
8779890-5d22b9d4,702-20240,9/17/2024,2,,1,210,210
8923160-3adeb9fe,695-20240,9/19/2024,2,,1,140,140
876102-3aa2c0b8,67-20240,9/18/2024,2,,1,80,77
3773742-6e2c605f,578-20240,10/22/2024,5,,1,85,85
9363338-3548425b,578-20240,9/24/2024,3,,1,85,85
0074226-c7ac3de8,577-20240,10/2/2024,3,,1,150,149
6635541-97607b82,577-20240,9/4/2024,1,,2,120,120
2266772-a7291fcb,618-20240,10/16/2024,5,,1,110,110
8855077-97b97b5f,618-20240,9/18/2024,3,,1,100,95
2183637-df4c8e4e,617-20240,10/15/2024,5,,1,125,125
8756995-99451201,617-20240,9/17/2024,3,,1,125,120
3907222-7f1cb9c3,616-20240,10/23/2024,3,,1,110,110
3908291-340ba1a5,674-20240,10/23/2024,3,,1,125,125
8838006-0062b282,607-20240,9/18/2024,2,,1,200,200
0142417-c058875c,707-20240,10/3/2024,1,,1,155,155
6819444-0bb33de2,594-20240,9/6/2024,1,,1,140,122
6589285-724cb325,694-20240,9/3/2024,2,,1,150,140
3947732-8f44a189,688-20240,10/23/2024,4,,1,205,196
3784418-90af196b,682-20240,10/22/2024,4,,1,155,152
2267243-077ebcee,596-20240,10/16/2024,4,,1,80,80
9475593-0e00bf74,679-20240,9/25/2024,2,,1,130,121
0095429-4672ab52,678-20240,10/2/2024,1,,1,150,135
2351366-c6da9b00,675-20240,10/17/2024,4,,1,150,112
1567035-f75bcc54,578-20240,10/8/2024,4,,1,85,78
8840248-46808775,576-20240,9/18/2024,3,,1,66,60
6660609-fcc8428f,576-20240,9/4/2024,2,,1,65,58
7343932-37e8e580,573-20240,9/12/2024,2,,1,100,94
0977512-81cf8fc2,574-20240,10/1/2024,2,,1,260,260
4348687-aac868e7,574-20240,8/20/2024,1,,1,238,238
380518-511cf814,52-20240,9/24/2024,3,,1,135,135
135220-2fe30a33,51-20240,8/29/2024,1,,1,130,130
3959618-43966e8e,502-20240,10/24/2024,4,,1,140,140
5127525-4251a6a1,502-20240,8/29/2024,1,,1,105,105
5213849-3a1113a2,500-20240,8/30/2024,1,,1,75,72
1756438-650ebb0e,502-20240,10/10/2024,3,,1,140,140
0973413-9737b56d,598-20240,10/1/2024,3,,1,200,199
8835002-4b8f9124,487-20240,9/18/2024,3,,1,200,190
5195194-9c2f322f,480-20240,8/30/2024,1,,1,160,160
2434750-6b3667c0,493-20240,10/18/2024,4,,1,210,206
3953789-6b776e7f,477-20240,10/24/2024,4,,1,135,119
7405605-1df6faef,480-20240,9/13/2024,2,,1,185,185
8850880-b2c274a8,465-20240,9/18/2024,3,,1,130,130
2264164-456dcc05,576-20240,10/16/2024,5,,2,75,65
1577259-9ca45290,574-20240,10/8/2024,3,,1,260,252
3949753-73ae2ef1,573-20240,10/24/2024,4,,1,130,119
5145206-62f81454,573-20240,8/29/2024,1,,1,120,89
6704531-e1791ed7,487-20240,9/4/2024,2,,1,180,162
7233745-5fe42fe1,479-20240,9/11/2024,2,,1,190,174
7277064-bc81099c,478-20240,9/11/2024,1,,1,125,125
9542177-54e6485c,477-20240,9/26/2024,2,,1,145,133
172043-305b39a1,54-20240,10/15/2024,3,,1,125,123
2272236-2e89980b,442-20240,10/16/2024,5,,1,95,95
7329505-ee15186b,502-20240,9/12/2024,2,,1,130,125
0960081-6ac9739f,431-20240,10/1/2024,3,,1,75,65
866926-f84f0a37,50-20240,10/23/2024,4,,1,135,123
251239-7ada25af,50-20240,9/11/2024,2,,1,110,94
1751732-cf69cb1f,477-20240,10/10/2024,3,,1,130,130
9523570-2c180141,493-20240,9/26/2024,3,,1,200,200
9613774-ef59c877,480-20240,9/27/2024,3,,1,195,184
1672611-cb2c81ef,478-20240,10/9/2024,3,,1,130,110
7331578-9b2253df,477-20240,9/12/2024,1,,1,120,120
043336-be5a5503,42-20240,10/25/2024,3,,1,185,185
3865289-16709c24,448-20240,10/23/2024,2,,1,140,137
2353964-ddd2896e,441-20240,10/17/2024,4,,1,160,160
3955661-17944bd5,469-20240,10/24/2024,4,,1,120,117
7325129-689867f6,469-20240,9/12/2024,1,,1,100,100
1584719-95feca27,377-20240,10/8/2024,2,,1,200,171
7329305-3fc78d8b,430-20240,9/12/2024,2,,1,160,140
2509729-42863ca1,412-20240,10/18/2024,5,,1,200,172
7435427-f10aeb5d,412-20240,9/13/2024,3,,1,180,180
5196457-2c2006b2,412-20240,8/30/2024,2,,1,175,172
0058641-99785790,385-20240,10/2/2024,2,,1,270,195
8847282-4df55054,385-20240,9/18/2024,1,,1,195,195
2457683-806b9e40,187-20240,10/18/2024,4,,1,110,110
8855861-9669ca20,188-20240,9/18/2024,3,,1,280,241
4422099-992f16d8,188-20240,8/21/2024,1,,1,200,200
0263886-4a9480de,177-20240,10/4/2024,1,,1,110,106
8790984-afc1944e,173-20240,9/17/2024,2,,1,130,130
3868167-ada5ccb2,178-20240,10/23/2024,4,,1,165,165
5050724-934734bf,178-20240,8/28/2024,1,,1,110,110
9459202-7aa2e21b,178-20240,9/25/2024,3,,1,160,160
2216341-d52caf80,173-20240,10/15/2024,4,,1,140,140
5959995-4acb25ed,125-20240,8/27/2024,1,,1,170,155
789236-60699d2e,14-20240,10/22/2024,4,,1,240,225
3893656-72e4b25f,122-20240,10/23/2024,4,,1,165,141
9450817-e5fc6f97,122-20240,9/25/2024,3,,1,165,165
4549822-e827b8a7,123-20240,8/22/2024,1,,1,135,135
5056734-d1cb4781,122-20240,8/28/2024,1,,1,80,75
209857-f72aeb5a,89-20240,12/12/2024,6,,1,105,105
175499-125a056f,89-20240,11/7/2024,5,,1,105,105
95587-beb5a21d,7-20240,11/19/2024,7,,1,150,150
7292770-3b7231aa,686-20240,11/20/2024,6,,1,170,170
7205538-9e19541e,682-20240,11/19/2024,5,,1,160,160
4383598-b49a8c37,604-20240,10/29/2024,2,,1,175,151
6714320-360e200d,678-20240,11/13/2024,4,,1,145,132
5178640-d3652375,677-20240,11/7/2024,4,,1,290,264
23526-29392844,7-20240,12/10/2024,8,,1,150,150
3790661-00f5dcf8,589-20240,10/22/2024,4,,1,120,120
0107876-6a78fca0,652-20240,12/11/2024,5,,1,90,90
1681534-dba2faf4,652-20240,10/9/2024,2,,1,93,84
4474248-24992823,577-20240,10/30/2024,5,,1,150,150
5085593-0e47353e,686-20240,11/6/2024,5,,1,170,170
0149069-87ed868d,679-20240,12/11/2024,6,,1,120,120
4498407-3c933cc7,678-20240,10/30/2024,3,,1,155,136
635364-f59cdb04,63-20240,10/31/2024,5,,1,110,95
5999207-cef718d3,623-20240,11/5/2024,6,,1,100,100
6608950-350995ed,655-20240,11/12/2024,5,,1,155,155
0029307-d48ce905,626-20240,12/10/2024,7,,1,107,107
4474322-23e09e35,596-20240,10/30/2024,5,,1,105,105
7385431-0bdeda5b,533-20240,11/21/2024,4,,1,195,195
8811643-d957a17e,617-20240,11/26/2024,8,,1,150,150
7280395-0d30328f,524-20240,11/20/2024,7,,1,140,140
221229-fcc1a50e,52-20240,11/19/2024,6,,1,125,125
4397838-7bfb866a,614-20240,10/29/2024,5,,1,190,166
7408069-76f0d618,610-20240,11/21/2024,6,,1,120,120
6765768-c66b196f,683-20240,11/14/2024,6,,1,100,97
1637782-b0a880f0,598-20240,12/17/2024,8,,1,220,220
6605628-618d945f,598-20240,11/12/2024,6,,1,220,212
7386029-f6f36a64,573-20240,11/21/2024,6,,1,110,110
1667069-002dc9b2,655-20240,12/17/2024,7,,1,140,140
9442017-372a044a,655-20240,12/3/2024,6,,1,155,155
4394666-a40a8155,655-20240,10/29/2024,4,,1,170,170
3869122-741117a1,652-20240,10/23/2024,3,,1,90,78
2256914-5669488c,513-20240,10/16/2024,2,,1,200,175
166924-91ca58a1,51-20240,11/7/2024,4,,1,110,110
4559668-2976b090,508-20240,10/31/2024,3,,1,175,163
4380157-7402a55a,501-20240,10/29/2024,5,,1,115,113
8746813-c898d9a2,501-20240,9/17/2024,2,,1,160,122
2442458-91796846,500-20240,10/18/2024,4,,1,85,64
2164282-0bac75a3,501-20240,10/15/2024,4,,1,125,121
0956388-3c733202,501-20240,10/1/2024,3,,1,135,122
9425922-65ec8830,595-20240,12/3/2024,7,,1,150,150
0190712-e3a90cef,590-20240,12/12/2024,7,,1,107,107
7429020-84a718f0,499-20240,9/12/2024,2,,1,100,90
0120633-9aac30a8,497-20240,12/11/2024,7,,1,120,120
9672099-1dabbcea,480-20240,12/6/2024,8,,1,175,175
4486412-8907532e,474-20240,10/30/2024,4,,1,135,129
6693792-e0a6b04d,465-20240,11/13/2024,7,,1,135,124
1737538-dc5d982d,577-20240,12/18/2024,8,,1,160,160
7302457-fe764316,458-20240,11/20/2024,6,,1,160,160
7210718-ca5c883a,470-20240,11/19/2024,6,,1,100,100
0063359-2f0d158a,465-20240,10/2/2024,4,,1,135,134
6680244-3d912c3b,513-20240,11/13/2024,4,,1,200,182
4389281-858addfc,431-20240,10/29/2024,5,,1,70,57
6698575-6b2283b0,474-20240,11/13/2024,5,,1,130,127
6710382-2a5d3420,424-20240,11/13/2024,6,,1,80,80
7394749-d22842b1,469-20240,11/21/2024,6,,1,140,140
9610428-0867a26d,462-20240,12/5/2024,7,,1,200,200
4574728-79bc0bbd,462-20240,10/31/2024,5,,1,225,225
7294567-928fdc69,448-20240,11/20/2024,4,,1,140,140
9746367-c01c72c4,412-20240,12/6/2024,8,,1,200,200
7199978-daa43a71,468-20240,11/19/2024,7,,1,100,100
6646756-79192205,431-20240,11/12/2024,6,,1,65,62
6810715-fe849a5e,388-20240,9/6/2024,1,,1,75,71
4477293-4e3ffc21,456-20240,10/30/2024,5,,1,270,260
5283378-34c66148,412-20240,11/8/2024,6,,1,185,185
9577145-09e5b70a,430-20240,12/5/2024,8,,1,115,115
2153138-35e78dae,388-20240,12/20/2024,7,,1,60,60
2442406-d92d21ad,388-20240,10/18/2024,3,,1,100,99
8022856-bbe8b778,388-20240,9/20/2024,2,,1,150,82
0036498-212326f4,380-20240,12/10/2024,8,,1,75,75
9428304-849d5e0d,297-20240,12/3/2024,7,,1,45,45
6693664-44c0e89e,188-20240,11/13/2024,7,,1,200,200
0061572-d61fe225,188-20240,10/2/2024,4,,1,240,201
4667562-c8465eb3,189-20240,11/1/2024,5,,1,185,158
2294565-faa039d0,188-20240,10/16/2024,5,,1,215,204
6847248-ce894a2b,187-20240,11/15/2024,6,,1,115,115
9675954-f3a870d1,177-20240,12/6/2024,5,,1,120,120
4649858-d80e0a2e,177-20240,11/1/2024,3,,1,120,120
9461804-303bb213,173-20240,12/3/2024,7,,1,145,145
6645859-e52d7e10,173-20240,11/12/2024,6,,1,140,140
1655133-bb3b2ee0,171-20240,12/17/2024,7,,1,161,161
214399-7eb007aa,14-20240,11/19/2024,5,,1,235,235
1873159-c68d84fc,129-20240,12/19/2024,8,,1,100,100
3772325-68800306,125-20240,10/22/2024,4,,1,150,136
0174096-04dda5be,122-20240,12/11/2024,7,,1,165,165
5084434-a0a25287,122-20240,11/6/2024,5,,1,165,165
1591045-d2827e07,125-20240,10/8/2024,3,,1,165,153
9428971-68d0f432,485-20240,12/3/2024,8,,2,135,135
7327779-6a77e5b7,679-20240,11/20/2024,5,,1,110,110
4670607-1796f5d6,709-20240,11/1/2024,1,,1,75,75
7299967-1c4de45b,652-20240,11/20/2024,4,,1,90,90
9419463-8443dcf4,614-20240,12/3/2024,7,,1,185,185
4404382-8906ac17,691-20240,10/29/2024,4,,1,120,102
6799694-4ac000f6,656-20240,11/14/2024,6,,1,135,132
7364846-c63244a1,681-20240,11/20/2024,7,,1,120,120
9594785-44b325bf,637-20240,12/5/2024,7,,1,170,170
9601562-107ed470,707-20240,12/5/2024,4,,1,150,150
7241710-b4769a01,677-20240,11/19/2024,5,,1,280,280
5178411-e39f0a74,573-20240,11/7/2024,5,,1,120,101
1633296-4d6d13dc,501-20240,12/17/2024,8,,1,110,110
4385040-498ef8e7,580-20240,10/29/2024,5,,1,170,156
9501354-7c268371,448-20240,12/4/2024,5,,1,140,140
7464316-fb3690a0,412-20240,11/22/2024,7,,1,195,195
6714545-de987922,385-20240,11/13/2024,5,,1,180,179
4406016-2f3a2516,173-20240,10/29/2024,5,,1,150,137
1698101-18e8ad11,173-20240,12/17/2024,8,,1,145,145
130742-359c8299,89-20240,8/29/2024,1,,1,80,80
6725596-9fbe9298,675-20240,9/5/2024,2,,1,175,137
726839-80d2e7a6,63-20240,9/5/2024,2,,1,110,109
4414908-8ef1cac1,703-20240,8/21/2024,1,,1,110,100
6713217-1b1c0b3a,695-20240,9/5/2024,1,,1,120,100
0967055-a85309c4,617-20240,10/1/2024,4,,1,125,125
7252715-2ad06acb,686-20240,9/11/2024,1,,1,175,104
4494554-508c0806,696-20240,8/20/2024,1,,1,120,119
4375987-880d5423,694-20240,8/20/2024,1,,1,120,109
9470547-a3f57cba,652-20240,9/25/2024,1,,1,110,86
4361895-b3002e5e,617-20240,8/20/2024,1,,1,125,115
4515618-0263bb8d,675-20240,8/22/2024,1,,1,100,100
7150898-4a60c8d1,632-20240,9/10/2024,3,,1,125,119
6540937-6bb2fd70,696-20240,9/3/2024,2,,1,140,140
0056799-d03ac988,618-20240,10/2/2024,4,,1,100,100
6627820-140d7307,607-20240,9/4/2024,1,,1,210,202
8776638-0167424b,691-20240,9/17/2024,1,,1,150,103
377264-4d2e8b43,66-20240,9/24/2024,2,,1,95,95
5956105-b6d012eb,578-20240,8/27/2024,1,,1,80,80
4428567-59c14f92,576-20240,8/21/2024,1,,1,60,52
8783248-aa9d3ca8,655-20240,9/17/2024,1,,1,120,120
3752713-6cf1f963,632-20240,8/13/2024,1,,1,125,91
6555463-f19dc6f2,617-20240,9/3/2024,2,,1,125,113
0051263-46b87d41,607-20240,10/2/2024,3,,1,210,210
4342627-f036f7c2,485-20240,8/20/2024,1,,2,100,100
9440571-8aa2dc90,479-20240,9/25/2024,3,,1,180,155
0123724-25d8a471,474-20240,10/2/2024,2,,1,140,130
4416510-decb62eb,487-20240,8/21/2024,1,,1,180,167
9366200-7ecbd2e0,470-20240,9/24/2024,2,,1,110,90
4434562-de46480d,465-20240,8/21/2024,1,,1,135,116
8845496-fbecec6f,577-20240,9/18/2024,2,,1,140,140
166456-18c9ed78,52-20240,9/10/2024,2,,1,120,120
961764-f36f5dcf,52-20240,8/27/2024,1,,1,120,93
5222734-c23914ec,493-20240,8/29/2024,1,,1,150,140
6642100-f8297e43,465-20240,9/4/2024,2,,1,135,126
8027614-fa18278b,412-20240,9/20/2024,4,,1,180,180
638823-8f81d798,41-20240,9/4/2024,1,,1,110,110
9375238-d7cffdd7,377-20240,9/24/2024,1,,1,200,187
6642869-94b7c2f5,188-20240,9/4/2024,2,,1,230,166
4337920-93ada721,173-20240,8/20/2024,1,,1,130,120
8942460-ea8d8dfd,187-20240,9/19/2024,3,,2,130,117
6832611-3ba6705c,187-20240,9/6/2024,2,,1,130,116
9378212-b7707244,125-20240,9/24/2024,2,,1,180,142
7278109-22c1d856,122-20240,9/11/2024,2,,1,140,140
353966-603106aa,81-20240,12/13/2024,3,,1,110,110
0167309-d4b4b879,681-20240,12/11/2024,8,,1,120,120
1723127-94f28049,651-20240,12/18/2024,7,,1,110,110
0087103-c712908e,677-20240,12/10/2024,6,,1,280,280
9516826-8c462000,465-20240,12/4/2024,8,,1,130,130
0046073-a0a850ba,470-20240,12/10/2024,7,,1,80,80
0351049-12590f32,412-20240,12/13/2024,9,,1,200,200
75616-319cf25f,8-20240,12/5/2024,7,,1,140,140
520777-c1c041d2,93-20240,12/4/2024,8,,1,110,110
4574663-88b3664b,707-20240,10/31/2024,2,,1,170,130
283559-726e3aca,94-20240,12/13/2024,6,,1,80,80
3929912-71e6e537,622-20240,8/15/2024,1,,1,100,48
9503572-97cd1d63,596-20240,12/4/2024,7,,1,105,105
1739721-a12aa671,678-20240,12/18/2024,6,,1,135,135
5192583-ad12e7b0,499-20240,8/29/2024,1,,1,95,85
1725239-3dd93ef3,465-20240,12/18/2024,9,,1,130,130
9503489-23071946,456-20240,12/4/2024,7,,1,270,270
0099820-d098b7da,513-20240,12/11/2024,6,,1,200,200
9592515-c989a2d2,441-20240,12/5/2024,7,,1,180,180
5029582-80a17a74,379-20240,11/5/2024,6,,1,85,82
0030735-52a1e570,377-20240,12/10/2024,6,,1,190,190
4478155-a0819e4e,188-20240,10/30/2024,6,,1,210,188
4573248-85c35713,129-20240,10/31/2024,5,,1,115,91
4564404-d8dfc1db,123-20240,10/31/2024,6,,1,230,218
60595-2eb1c6ab,8-20240,11/14/2024,6,,1,135,135
9421311-3848992b,708-20240,12/3/2024,4,,1,145,145
0189563-f10415a1,697-20240,12/12/2024,8,,1,135,135
7182103-b1fce469,526-20240,11/12/2024,6,,1,180,176
4390541-a728f099,617-20240,10/29/2024,6,,1,150,126
5921046-8d61e4fb,486-20240,10/30/2024,5,,1,160,156
2187381-1e45557a,574-20240,10/15/2024,4,,1,260,260
5288355-c40a58e2,470-20240,11/8/2024,5,,1,90,88
0102519-45a15238,526-20240,12/3/2024,7,,1,190,190
9538035-61d92ce0,422-20240,12/4/2024,7,,1,85,85
4508955-e66897fc,143-20240,10/31/2024,5,,1,110,110
1630298-c5b08a7e,691-20240,12/17/2024,6,,1,100,100
9491354-21b77fdd,710-20240,11/21/2024,3,,1,230,230
5165785-706e3a49,697-20240,11/7/2024,6,,1,135,135
1621496-c9c85b1f,694-20240,12/17/2024,7,,1,170,170
1874047-564671b3,690-20240,12/19/2024,7,,1,80,80
4565249-efc9a63e,690-20240,10/31/2024,4,,1,100,64
4400473-63f3b1c2,598-20240,10/29/2024,5,,1,215,215
5091352-877c2d7c,705-20240,11/6/2024,6,,1,155,155
7374375-32a01256,697-20240,11/21/2024,7,,1,135,135
9408018-07c93b90,580-20240,12/3/2024,7,,1,155,155
7213303-e974dc2f,578-20240,11/19/2024,7,,1,85,85
9668126-9d520722,687-20240,12/5/2024,7,,1,150,150
6611527-1890e2b7,574-20240,11/12/2024,6,,1,280,268
4396505-4dae694c,574-20240,10/29/2024,5,,1,275,275
5072968-9ab87c08,616-20240,11/6/2024,4,,1,140,121
0213326-3943b91f,610-20240,12/12/2024,7,,1,120,120
5078683-5c4c61c8,674-20240,11/6/2024,4,,1,150,123
1787213-6a306b31,711-20240,12/18/2024,3,,1,170,170
1899157-66493d34,709-20240,12/20/2024,4,,1,70,70
4472636-9dab5010,651-20240,10/30/2024,4,,1,110,109
5081428-e86a417b,648-20240,11/6/2024,3,,1,135,135
7203306-6a46ba8a,632-20240,11/19/2024,6,,1,125,125
4369532-03da3049,698-20240,10/22/2024,4,,1,180,180
3953805-1dd233a7,697-20240,10/24/2024,5,,1,135,135
2437314-a266212f,697-20240,10/18/2024,4,,1,140,140
9366826-37175d1b,584-20240,11/22/2024,5,,1,280,280
1824531-f212141f,610-20240,12/19/2024,8,,1,130,130
9421572-00f1bf9e,598-20240,12/3/2024,7,,1,220,220
1795115-e7f679d8,584-20240,12/19/2024,7,,1,270,270
1799646-58f24452,583-20240,12/19/2024,8,,1,200,200
1617489-2471ca92,580-20240,12/17/2024,8,,1,165,165
1697134-42bc7b77,574-20240,12/17/2024,8,,1,280,280
9425406-171364aa,574-20240,12/3/2024,7,,1,280,280
5096990-7f45011f,538-20240,11/6/2024,6,,1,150,128
1660053-099eac5d,526-20240,12/17/2024,8,,1,185,185
4476550-50f35bb2,618-20240,10/30/2024,6,,1,115,113
0202214-391a8696,502-20240,12/12/2024,7,,1,160,160
5158812-d13c401e,610-20240,11/7/2024,5,,1,110,110
7477652-23ce7d09,500-20240,11/22/2024,5,,1,85,85
5157060-410444f4,493-20240,11/7/2024,6,,1,220,220
6674479-231890cf,486-20240,11/13/2024,6,,1,165,165
6626395-f04e4355,486-20240,9/4/2024,2,,1,170,170
1795968-f5d888bb,586-20240,12/19/2024,7,,1,350,350
7278291-44087969,583-20240,11/20/2024,6,,1,200,200
6604851-945b9f70,580-20240,11/12/2024,6,,1,165,142
0019065-c4755026,578-20240,12/10/2024,8,,1,85,85
6697449-3d7b048b,576-20240,11/13/2024,7,,1,70,70
7298733-ffb5969e,471-20240,11/20/2024,6,,1,150,150
4484084-7f23f4a8,465-20240,10/30/2024,6,,1,140,128
2277114-9a7b8fa2,465-20240,10/16/2024,5,,1,140,121
7374116-c80516a9,477-20240,11/21/2024,6,,1,130,130
5110495-2d040ab5,471-20240,11/6/2024,5,,1,150,139
5948778-89f9108c,491-20240,8/27/2024,1,,1,110,92
0112390-87a7f2f9,458-20240,12/11/2024,7,,1,160,160
6874866-b38c187e,388-20240,11/15/2024,5,,1,90,80
1733563-942546f3,422-20240,12/18/2024,8,,1,90,90
9688873-f558a302,388-20240,12/6/2024,6,,1,80,80
0038017-a5ce60cb,379-20240,12/10/2024,8,,1,85,85
5192798-2fb55cf4,288-20240,11/7/2024,6,,1,80,80
4577870-ca3adf60,288-20240,10/31/2024,5,,1,70,70
0214049-11f2cc1d,288-20240,12/12/2024,8,,1,80,80
0181367-a20d342a,227-20240,12/12/2024,7,,1,110,110
1641191-b746b245,193-20240,12/17/2024,8,,1,140,140
0118950-d6d0579d,178-20240,12/11/2024,7,,1,150,150
9604123-969b889c,692-20240,12/5/2024,3,,1,175,175
9578806-ec6bcf9f,651-20240,12/5/2024,6,,1,96,96
0921866-39c89341,704-20240,12/4/2024,7,,1,160,160
1718116-a73e8bef,701-20240,12/18/2024,7,,1,100,100
9639828-49fbc6c5,697-20240,9/26/2024,3,,1,170,135
0286343-d9c84feb,582-20240,12/13/2024,8,,1,140,140
0288731-7c169319,543-20240,12/13/2024,8,,1,70,70
6712465-15a4976b,625-20240,11/13/2024,3,,1,120,120
1701067-fe9d323d,486-20240,12/18/2024,8,,1,160,160
9512948-3a93a9b3,576-20240,12/4/2024,8,,1,75,75
0112137-d8b05ddf,471-20240,12/11/2024,7,,1,130,130
5871328-f26b5281,528-20240,8/22/2024,1,,1,170,170
0199230-647929be,499-20240,12/12/2024,7,,1,90,90
0139582-7931fc45,424-20240,12/11/2024,8,,1,85,85
4416218-c6def17b,486-20240,8/21/2024,1,,1,156,156
4660585-a263328a,388-20240,11/1/2024,4,,1,90,82
4649847-cf502b32,695-20240,10/31/2024,5,,1,130,126
6787130-d39037c1,707-20240,11/14/2024,3,,1,160,135
9505243-5b989b68,701-20240,12/4/2024,6,,1,105,105
9540431-033f948b,678-20240,12/4/2024,5,,1,134,134
4472848-c82147a1,701-20240,10/30/2024,4,,1,90,90
0896121-b2ce0adf,586-20240,12/5/2024,6,,1,350,350
6710570-2d1592bb,580-20240,9/3/2024,2,,1,150,150
8943168-376ff7ca,528-20240,9/19/2024,3,,1,180,157
6724014-0e9c75b0,528-20240,9/5/2024,2,,1,180,180
9498544-60b2eb0a,616-20240,12/4/2024,6,,1,110,110
4339342-d64aec21,580-20240,8/20/2024,1,,1,120,120
5990923-39369a1a,578-20240,11/5/2024,6,,1,85,75
4578912-ebf3466c,656-20240,10/31/2024,5,,1,125,118
0181917-ff5e9e75,538-20240,12/11/2024,8,,1,140,140
0098851-fa364f0f,524-20240,12/11/2024,8,,1,145,145
0072076-79342cd9,486-20240,10/2/2024,4,,1,170,152
4558076-5951fef3,584-20240,10/31/2024,4,,1,280,261
4466626-c6232bd7,487-20240,10/30/2024,5,,1,210,190
0291753-3c40bf17,500-20240,12/13/2024,6,,1,70,70
4592451-5f261930,248-20240,10/31/2024,4,,1,200,200
7150898-4a60c8d1-676,676-20240,9/10/2024,3,3,1,,119
3752713-6cf1f963-676,676-20240,8/13/2024,1,1,1,,91
9592515-c989a2d2-443,443-20240,12/5/2024,7,7,1,,180
2353964-ddd2896e-443,443-20240,10/17/2024,4,4,1,,160
0351049-12590f32-466,466-20240,12/13/2024,9,9,1,,200
9746367-c01c72c4-466,466-20240,12/6/2024,8,8,1,,200
7464316-fb3690a0-466,466-20240,11/22/2024,7,7,1,,195
